method,collision_system,map_name,num_agents,seed,episode_step,duration_ns,duration_ms
EPOM-L,block_both,random-s40_d0.15,100,0,17,5688492,5.688492
EPOM-L,block_both,random-s40_d0.15,100,0,18,5693872,5.693872
EPOM-L,block_both,random-s40_d0.15,100,0,19,5624242,5.624242
EPOM-L,block_both,random-s40_d0.15,100,0,20,5664492,5.664492
EPOM-L,block_both,random-s40_d0.15,100,0,21,5695122,5.695122
EPOM-L,block_both,random-s40_d0.15,100,0,22,5695022,5.695022
EPOM-L,block_both,random-s40_d0.15,100,0,23,5642052,5.642052
EPOM-L,block_both,random-s40_d0.15,100,0,24,5675902,5.675902
EPOM-L,block_both,random-s40_d0.15,100,0,25,5665532,5.665532
EPOM-L,block_both,random-s40_d0.15,100,0,26,5685102,5.685102
EPOM-L,block_both,random-s40_d0.15,100,0,27,5764232,5.764232
EPOM-L,block_both,random-s40_d0.15,100,0,28,5669862,5.669862
EPOM-L,block_both,random-s40_d0.15,100,0,29,5701683,5.701683
EPOM-L,block_both,random-s40_d0.15,100,0,30,5669573,5.669573
EPOM-L,block_both,random-s40_d0.15,100,0,31,5807322,5.807322
EPOM-L,block_both,random-s40_d0.15,100,0,32,5835202,5.835202
EPOM-L,block_both,random-s40_d0.15,100,0,33,5907022,5.907022
EPOM-L,block_both,random-s40_d0.15,100,0,34,5957512,5.957512
EPOM-L,block_both,random-s40_d0.15,100,0,35,5835452,5.835452
EPOM-L,block_both,random-s40_d0.15,100,0,36,5898673,5.898673
EPOM-L,block_both,random-s40_d0.15,100,0,37,5809043,5.809043
EPOM-L,block_both,random-s40_d0.15,100,0,38,5937552,5.937552
EPOM-L,block_both,random-s40_d0.15,100,0,39,5899523,5.899523
EPOM-L,block_both,random-s40_d0.15,100,0,40,5884913,5.884913
EPOM-L,block_both,random-s40_d0.15,100,0,41,5886332,5.886332
EPOM-L,block_both,random-s40_d0.15,100,0,42,5880762,5.880762
EPOM-L,block_both,random-s40_d0.15,100,0,43,5785732,5.785732
EPOM-L,block_both,random-s40_d0.15,100,0,44,5791882,5.791882
EPOM-L,block_both,random-s40_d0.15,100,0,45,5795202,5.795202
EPOM-L,block_both,random-s40_d0.15,100,0,46,5850072,5.850072
EPOM-L,block_both,random-s40_d0.15,100,0,47,5882963,5.882963
EPOM-L,block_both,random-s40_d0.15,100,0,48,6001302,6.001302
EPOM-L,block_both,random-s40_d0.15,100,0,49,5768713,5.768713
EPOM-L,block_both,random-s40_d0.15,100,0,50,5885302,5.885302
EPOM-L,block_both,random-s40_d0.15,100,0,51,5935822,5.935822
EPOM-L,block_both,random-s40_d0.15,100,0,52,5854563,5.854563
EPOM-L,block_both,random-s40_d0.15,100,0,53,5968333,5.968333
EPOM-L,block_both,random-s40_d0.15,100,0,54,6399453,6.399453
EPOM-L,block_both,random-s40_d0.15,100,0,55,5817902,5.817902
EPOM-L,block_both,random-s40_d0.15,100,0,56,5914982,5.914982
EPOM-L,block_both,random-s40_d0.15,100,0,57,5772623,5.772623
EPOM-L,block_both,random-s40_d0.15,100,0,58,6037692,6.037692
EPOM-L,block_both,random-s40_d0.15,100,0,59,5896843,5.896843
EPOM-L,block_both,random-s40_d0.15,100,0,60,5830362,5.830362
EPOM-L,block_both,random-s40_d0.15,100,0,61,5902533,5.902533
EPOM-L,block_both,random-s40_d0.15,100,0,62,5886773,5.886773
EPOM-L,block_both,random-s40_d0.15,100,0,63,5952222,5.952222
EPOM-L,block_both,random-s40_d0.15,100,0,64,5888103,5.888103
EPOM-L,block_both,random-s40_d0.15,100,0,65,5849913,5.849913
EPOM-L,block_both,random-s40_d0.15,100,0,66,5982383,5.982383
EPOM-L,block_both,random-s40_d0.15,100,0,67,5905393,5.905393
EPOM-L,block_both,random-s40_d0.15,100,0,68,5939673,5.939673
EPOM-L,block_both,random-s40_d0.15,100,0,69,5865582,5.865582
EPOM-L,block_both,random-s40_d0.15,100,0,70,5960982,5.960982
EPOM-L,block_both,random-s40_d0.15,100,0,71,5961133,5.961133
EPOM-L,block_both,random-s40_d0.15,100,0,72,5949472,5.949472
EPOM-L,block_both,random-s40_d0.15,100,0,73,5956902,5.956902
EPOM-L,block_both,random-s40_d0.15,100,0,74,5994223,5.994223
EPOM-L,block_both,random-s40_d0.15,100,0,75,5918662,5.918662
EPOM-L,block_both,random-s40_d0.15,100,0,76,5954933,5.954933
EPOM-L,block_both,random-s40_d0.15,100,0,77,5900603,5.900603
EPOM-L,block_both,random-s40_d0.15,100,0,78,5823312,5.823312
EPOM-L,block_both,random-s40_d0.15,100,0,79,5917703,5.917703
EPOM-L,block_both,random-s40_d0.15,100,0,80,5884853,5.884853
EPOM-L,block_both,random-s40_d0.15,300,0,17,12716505,12.716505
EPOM-L,block_both,random-s40_d0.15,300,0,18,12680096,12.680096
EPOM-L,block_both,random-s40_d0.15,300,0,19,12716096,12.716096
EPOM-L,block_both,random-s40_d0.15,300,0,20,12649195,12.649195
EPOM-L,block_both,random-s40_d0.15,300,0,21,12715116,12.715116
EPOM-L,block_both,random-s40_d0.15,300,0,22,12683995,12.683995
EPOM-L,block_both,random-s40_d0.15,300,0,23,12755455,12.755455
EPOM-L,block_both,random-s40_d0.15,300,0,24,12728105,12.728105
EPOM-L,block_both,random-s40_d0.15,300,0,25,12773635,12.773635
EPOM-L,block_both,random-s40_d0.15,300,0,26,12791025,12.791025
EPOM-L,block_both,random-s40_d0.15,300,0,27,12781025,12.781025
EPOM-L,block_both,random-s40_d0.15,300,0,28,12773276,12.773276
EPOM-L,block_both,random-s40_d0.15,300,0,29,12698335,12.698335
EPOM-L,block_both,random-s40_d0.15,300,0,30,13194266,13.194266
EPOM-L,block_both,random-s40_d0.15,300,0,31,12583575,12.583575
EPOM-L,block_both,random-s40_d0.15,300,0,32,12603665,12.603665
EPOM-L,block_both,random-s40_d0.15,300,0,33,12949666,12.949666
EPOM-L,block_both,random-s40_d0.15,300,0,34,12829325,12.829325
EPOM-L,block_both,random-s40_d0.15,300,0,35,12838326,12.838326
EPOM-L,block_both,random-s40_d0.15,300,0,36,12888496,12.888496
EPOM-L,block_both,random-s40_d0.15,300,0,37,12937276,12.937276
EPOM-L,block_both,random-s40_d0.15,300,0,38,12965656,12.965656
EPOM-L,block_both,random-s40_d0.15,300,0,39,13007975,13.007975
EPOM-L,block_both,random-s40_d0.15,300,0,40,13041185,13.041185
EPOM-L,block_both,random-s40_d0.15,300,0,41,12933615,12.933615
EPOM-L,block_both,random-s40_d0.15,300,0,42,13015726,13.015726
EPOM-L,block_both,random-s40_d0.15,300,0,43,13012375,13.012375
EPOM-L,block_both,random-s40_d0.15,300,0,44,13105805,13.105805
EPOM-L,block_both,random-s40_d0.15,300,0,45,13177646,13.177646
EPOM-L,block_both,random-s40_d0.15,300,0,46,13162116,13.162116
EPOM-L,block_both,random-s40_d0.15,300,0,47,13171725,13.171725
EPOM-L,block_both,random-s40_d0.15,300,0,48,13245366,13.245366
EPOM-L,block_both,random-s40_d0.15,300,0,49,13253026,13.253026
EPOM-L,block_both,random-s40_d0.15,300,0,50,13147765,13.147765
EPOM-L,block_both,random-s40_d0.15,300,0,51,13314526,13.314526
EPOM-L,block_both,random-s40_d0.15,300,0,52,13218386,13.218386
EPOM-L,block_both,random-s40_d0.15,300,0,53,13321865,13.321865
EPOM-L,block_both,random-s40_d0.15,300,0,54,13311375,13.311375
EPOM-L,block_both,random-s40_d0.15,300,0,55,13149566,13.149566
EPOM-L,block_both,random-s40_d0.15,300,0,56,13350506,13.350506
EPOM-L,block_both,random-s40_d0.15,300,0,57,13399095,13.399095
EPOM-L,block_both,random-s40_d0.15,300,0,58,13267355,13.267355
EPOM-L,block_both,random-s40_d0.15,300,0,59,13299645,13.299645
EPOM-L,block_both,random-s40_d0.15,300,0,60,13150485,13.150485
EPOM-L,block_both,random-s40_d0.15,300,0,61,13307816,13.307816
EPOM-L,block_both,random-s40_d0.15,300,0,62,13262035,13.262035
EPOM-L,block_both,random-s40_d0.15,300,0,63,13275635,13.275635
EPOM-L,block_both,random-s40_d0.15,300,0,64,13255616,13.255616
EPOM-L,block_both,random-s40_d0.15,300,0,65,13285526,13.285526
EPOM-L,block_both,random-s40_d0.15,300,0,66,13480756,13.480756
EPOM-L,block_both,random-s40_d0.15,300,0,67,13659936,13.659936
EPOM-L,block_both,random-s40_d0.15,300,0,68,13598695,13.598695
EPOM-L,block_both,random-s40_d0.15,300,0,69,13554066,13.554066
EPOM-L,block_both,random-s40_d0.15,300,0,70,13333965,13.333965
EPOM-L,block_both,random-s40_d0.15,300,0,71,13284246,13.284246
EPOM-L,block_both,random-s40_d0.15,300,0,72,13373985,13.373985
EPOM-L,block_both,random-s40_d0.15,300,0,73,13546436,13.546436
EPOM-L,block_both,random-s40_d0.15,300,0,74,13574735,13.574735
EPOM-L,block_both,random-s40_d0.15,300,0,75,13534926,13.534926
EPOM-L,block_both,random-s40_d0.15,300,0,76,13668895,13.668895
EPOM-L,block_both,random-s40_d0.15,300,0,77,13556295,13.556295
EPOM-L,block_both,random-s40_d0.15,300,0,78,13514376,13.514376
EPOM-L,block_both,random-s40_d0.15,300,0,79,13476986,13.476986
EPOM-L,block_both,random-s40_d0.15,300,0,80,13509505,13.509505
EPOM-L,block_both,random-s40_d0.15,600,0,17,23983400,23.9834
EPOM-L,block_both,random-s40_d0.15,600,0,18,23975190,23.97519
EPOM-L,block_both,random-s40_d0.15,600,0,19,24057930,24.05793
EPOM-L,block_both,random-s40_d0.15,600,0,20,24039890,24.03989
EPOM-L,block_both,random-s40_d0.15,600,0,21,24186050,24.18605
EPOM-L,block_both,random-s40_d0.15,600,0,22,24211280,24.21128
EPOM-L,block_both,random-s40_d0.15,600,0,23,24061640,24.06164
EPOM-L,block_both,random-s40_d0.15,600,0,24,24132630,24.13263
EPOM-L,block_both,random-s40_d0.15,600,0,25,24073580,24.07358
EPOM-L,block_both,random-s40_d0.15,600,0,26,24157969,24.157969
EPOM-L,block_both,random-s40_d0.15,600,0,27,23850020,23.85002
EPOM-L,block_both,random-s40_d0.15,600,0,28,24042750,24.04275
EPOM-L,block_both,random-s40_d0.15,600,0,29,24099540,24.09954
EPOM-L,block_both,random-s40_d0.15,600,0,30,23988480,23.98848
EPOM-L,block_both,random-s40_d0.15,600,0,31,24141279,24.141279
EPOM-L,block_both,random-s40_d0.15,600,0,32,24000240,24.00024
EPOM-L,block_both,random-s40_d0.15,600,0,33,24279730,24.27973
EPOM-L,block_both,random-s40_d0.15,600,0,34,24204390,24.20439
EPOM-L,block_both,random-s40_d0.15,600,0,35,24226090,24.22609
EPOM-L,block_both,random-s40_d0.15,600,0,36,25899601,25.899601
EPOM-L,block_both,random-s40_d0.15,600,0,37,24284110,24.28411
EPOM-L,block_both,random-s40_d0.15,600,0,38,24326170,24.32617
EPOM-L,block_both,random-s40_d0.15,600,0,39,24345820,24.34582
EPOM-L,block_both,random-s40_d0.15,600,0,40,24205730,24.20573
EPOM-L,block_both,random-s40_d0.15,600,0,41,24422900,24.4229
EPOM-L,block_both,random-s40_d0.15,600,0,42,25855171,25.855171
EPOM-L,block_both,random-s40_d0.15,600,0,43,24554630,24.55463
EPOM-L,block_both,random-s40_d0.15,600,0,44,24964420,24.96442
EPOM-L,block_both,random-s40_d0.15,600,0,45,24871520,24.87152
EPOM-L,block_both,random-s40_d0.15,600,0,46,24720960,24.72096
EPOM-L,block_both,random-s40_d0.15,600,0,47,24734590,24.73459
EPOM-L,block_both,random-s40_d0.15,600,0,48,24732080,24.73208
EPOM-L,block_both,random-s40_d0.15,600,0,49,24827140,24.82714
EPOM-L,block_both,random-s40_d0.15,600,0,50,24838400,24.8384
EPOM-L,block_both,random-s40_d0.15,600,0,51,24858880,24.85888
EPOM-L,block_both,random-s40_d0.15,600,0,52,24801780,24.80178
EPOM-L,block_both,random-s40_d0.15,600,0,53,24831700,24.8317
EPOM-L,block_both,random-s40_d0.15,600,0,54,24806060,24.80606
EPOM-L,block_both,random-s40_d0.15,600,0,55,24720800,24.7208
EPOM-L,block_both,random-s40_d0.15,600,0,56,24836960,24.83696
EPOM-L,block_both,random-s40_d0.15,600,0,57,24904790,24.90479
EPOM-L,block_both,random-s40_d0.15,600,0,58,24714501,24.714501
EPOM-L,block_both,random-s40_d0.15,600,0,59,24722980,24.72298
EPOM-L,block_both,random-s40_d0.15,600,0,60,24779050,24.77905
EPOM-L,block_both,random-s40_d0.15,600,0,61,24944841,24.944841
EPOM-L,block_both,random-s40_d0.15,600,0,62,24845200,24.8452
EPOM-L,block_both,random-s40_d0.15,600,0,63,24842640,24.84264
EPOM-L,block_both,random-s40_d0.15,600,0,64,24822180,24.82218
EPOM-L,block_both,random-s40_d0.15,600,0,65,24765240,24.76524
EPOM-L,block_both,random-s40_d0.15,600,0,66,30254363,30.254363
EPOM-L,block_both,random-s40_d0.15,600,0,67,24820811,24.820811
EPOM-L,block_both,random-s40_d0.15,600,0,68,25007400,25.0074
EPOM-L,block_both,random-s40_d0.15,600,0,69,24980010,24.98001
EPOM-L,block_both,random-s40_d0.15,600,0,70,25170381,25.170381
EPOM-L,block_both,random-s40_d0.15,600,0,71,24981051,24.981051
EPOM-L,block_both,random-s40_d0.15,600,0,72,24902350,24.90235
EPOM-L,block_both,random-s40_d0.15,600,0,73,25041110,25.04111
EPOM-L,block_both,random-s40_d0.15,600,0,74,24926310,24.92631
EPOM-L,block_both,random-s40_d0.15,600,0,75,24920150,24.92015
EPOM-L,block_both,random-s40_d0.15,600,0,76,24950200,24.9502
EPOM-L,block_both,random-s40_d0.15,600,0,77,25082670,25.08267
EPOM-L,block_both,random-s40_d0.15,600,0,78,25036330,25.03633
EPOM-L,block_both,random-s40_d0.15,600,0,79,25050350,25.05035
EPOM-L,block_both,random-s40_d0.15,600,0,80,24994880,24.99488
EPOM-L,soft,random-s40_d0.15,100,0,17,5605322,5.605322
EPOM-L,soft,random-s40_d0.15,100,0,18,5622192,5.622192
EPOM-L,soft,random-s40_d0.15,100,0,19,5557163,5.557163
EPOM-L,soft,random-s40_d0.15,100,0,20,5648032,5.648032
EPOM-L,soft,random-s40_d0.15,100,0,21,5566063,5.566063
EPOM-L,soft,random-s40_d0.15,100,0,22,5621143,5.621143
EPOM-L,soft,random-s40_d0.15,100,0,23,5572202,5.572202
EPOM-L,soft,random-s40_d0.15,100,0,24,5622592,5.622592
EPOM-L,soft,random-s40_d0.15,100,0,25,5663423,5.663423
EPOM-L,soft,random-s40_d0.15,100,0,26,5648422,5.648422
EPOM-L,soft,random-s40_d0.15,100,0,27,5683262,5.683262
EPOM-L,soft,random-s40_d0.15,100,0,28,5604302,5.604302
EPOM-L,soft,random-s40_d0.15,100,0,29,5683652,5.683652
EPOM-L,soft,random-s40_d0.15,100,0,30,5656963,5.656963
EPOM-L,soft,random-s40_d0.15,100,0,31,5654942,5.654942
EPOM-L,soft,random-s40_d0.15,100,0,32,5751793,5.751793
EPOM-L,soft,random-s40_d0.15,100,0,33,5876192,5.876192
EPOM-L,soft,random-s40_d0.15,100,0,34,5798283,5.798283
EPOM-L,soft,random-s40_d0.15,100,0,35,5764943,5.764943
EPOM-L,soft,random-s40_d0.15,100,0,36,5765523,5.765523
EPOM-L,soft,random-s40_d0.15,100,0,37,5801233,5.801233
EPOM-L,soft,random-s40_d0.15,100,0,38,5697982,5.697982
EPOM-L,soft,random-s40_d0.15,100,0,39,5714833,5.714833
EPOM-L,soft,random-s40_d0.15,100,0,40,5797782,5.797782
EPOM-L,soft,random-s40_d0.15,100,0,41,5680533,5.680533
EPOM-L,soft,random-s40_d0.15,100,0,42,5704592,5.704592
EPOM-L,soft,random-s40_d0.15,100,0,43,5808332,5.808332
EPOM-L,soft,random-s40_d0.15,100,0,44,5757222,5.757222
EPOM-L,soft,random-s40_d0.15,100,0,45,5715902,5.715902
EPOM-L,soft,random-s40_d0.15,100,0,46,5864223,5.864223
EPOM-L,soft,random-s40_d0.15,100,0,47,5851193,5.851193
EPOM-L,soft,random-s40_d0.15,100,0,48,5831883,5.831883
EPOM-L,soft,random-s40_d0.15,100,0,49,5821563,5.821563
EPOM-L,soft,random-s40_d0.15,100,0,50,5864003,5.864003
EPOM-L,soft,random-s40_d0.15,100,0,51,5858572,5.858572
EPOM-L,soft,random-s40_d0.15,100,0,52,5862602,5.862602
EPOM-L,soft,random-s40_d0.15,100,0,53,5829252,5.829252
EPOM-L,soft,random-s40_d0.15,100,0,54,5775692,5.775692
EPOM-L,soft,random-s40_d0.15,100,0,55,5735642,5.735642
EPOM-L,soft,random-s40_d0.15,100,0,56,5776922,5.776922
EPOM-L,soft,random-s40_d0.15,100,0,57,5768543,5.768543
EPOM-L,soft,random-s40_d0.15,100,0,58,5824982,5.824982
EPOM-L,soft,random-s40_d0.15,100,0,59,5930833,5.930833
EPOM-L,soft,random-s40_d0.15,100,0,60,5888693,5.888693
EPOM-L,soft,random-s40_d0.15,100,0,61,5886953,5.886953
EPOM-L,soft,random-s40_d0.15,100,0,62,5923732,5.923732
EPOM-L,soft,random-s40_d0.15,100,0,63,5924783,5.924783
EPOM-L,soft,random-s40_d0.15,100,0,64,6003573,6.003573
EPOM-L,soft,random-s40_d0.15,100,0,65,5961163,5.961163
EPOM-L,soft,random-s40_d0.15,100,0,66,5841612,5.841612
EPOM-L,soft,random-s40_d0.15,100,0,67,5783823,5.783823
EPOM-L,soft,random-s40_d0.15,100,0,68,5975922,5.975922
EPOM-L,soft,random-s40_d0.15,100,0,69,5981232,5.981232
EPOM-L,soft,random-s40_d0.15,100,0,70,6007152,6.007152
EPOM-L,soft,random-s40_d0.15,100,0,71,5997863,5.997863
EPOM-L,soft,random-s40_d0.15,100,0,72,5961402,5.961402
EPOM-L,soft,random-s40_d0.15,100,0,73,5954053,5.954053
EPOM-L,soft,random-s40_d0.15,100,0,74,5980703,5.980703
EPOM-L,soft,random-s40_d0.15,100,0,75,5909813,5.909813
EPOM-L,soft,random-s40_d0.15,100,0,76,5813902,5.813902
EPOM-L,soft,random-s40_d0.15,100,0,77,5837462,5.837462
EPOM-L,soft,random-s40_d0.15,100,0,78,5928772,5.928772
EPOM-L,soft,random-s40_d0.15,100,0,79,5889273,5.889273
EPOM-L,soft,random-s40_d0.15,100,0,80,5911142,5.911142
EPOM-L,soft,random-s40_d0.15,300,0,17,12798826,12.798826
EPOM-L,soft,random-s40_d0.15,300,0,18,12868505,12.868505
EPOM-L,soft,random-s40_d0.15,300,0,19,12837715,12.837715
EPOM-L,soft,random-s40_d0.15,300,0,20,12885365,12.885365
EPOM-L,soft,random-s40_d0.15,300,0,21,12838815,12.838815
EPOM-L,soft,random-s40_d0.15,300,0,22,12833435,12.833435
EPOM-L,soft,random-s40_d0.15,300,0,23,12834855,12.834855
EPOM-L,soft,random-s40_d0.15,300,0,24,12961645,12.961645
EPOM-L,soft,random-s40_d0.15,300,0,25,12880935,12.880935
EPOM-L,soft,random-s40_d0.15,300,0,26,12882286,12.882286
EPOM-L,soft,random-s40_d0.15,300,0,27,12842046,12.842046
EPOM-L,soft,random-s40_d0.15,300,0,28,12912815,12.912815
EPOM-L,soft,random-s40_d0.15,300,0,29,12906466,12.906466
EPOM-L,soft,random-s40_d0.15,300,0,30,12907955,12.907955
EPOM-L,soft,random-s40_d0.15,300,0,31,12856606,12.856606
EPOM-L,soft,random-s40_d0.15,300,0,32,12935645,12.935645
EPOM-L,soft,random-s40_d0.15,300,0,33,12835696,12.835696
EPOM-L,soft,random-s40_d0.15,300,0,34,12800606,12.800606
EPOM-L,soft,random-s40_d0.15,300,0,35,12853165,12.853165
EPOM-L,soft,random-s40_d0.15,300,0,36,13079025,13.079025
EPOM-L,soft,random-s40_d0.15,300,0,37,13089365,13.089365
EPOM-L,soft,random-s40_d0.15,300,0,38,13141795,13.141795
EPOM-L,soft,random-s40_d0.15,300,0,39,13135845,13.135845
EPOM-L,soft,random-s40_d0.15,300,0,40,13215475,13.215475
EPOM-L,soft,random-s40_d0.15,300,0,41,13112565,13.112565
EPOM-L,soft,random-s40_d0.15,300,0,42,13173556,13.173556
EPOM-L,soft,random-s40_d0.15,300,0,43,14174225,14.174225
EPOM-L,soft,random-s40_d0.15,300,0,44,13373336,13.373336
EPOM-L,soft,random-s40_d0.15,300,0,45,13578056,13.578056
EPOM-L,soft,random-s40_d0.15,300,0,46,13501385,13.501385
EPOM-L,soft,random-s40_d0.15,300,0,47,13374825,13.374825
EPOM-L,soft,random-s40_d0.15,300,0,48,13366095,13.366095
EPOM-L,soft,random-s40_d0.15,300,0,49,13400556,13.400556
EPOM-L,soft,random-s40_d0.15,300,0,50,13335206,13.335206
EPOM-L,soft,random-s40_d0.15,300,0,51,13361285,13.361285
EPOM-L,soft,random-s40_d0.15,300,0,52,13435345,13.435345
EPOM-L,soft,random-s40_d0.15,300,0,53,13455246,13.455246
EPOM-L,soft,random-s40_d0.15,300,0,54,13517946,13.517946
EPOM-L,soft,random-s40_d0.15,300,0,55,13468615,13.468615
EPOM-L,soft,random-s40_d0.15,300,0,56,13365165,13.365165
EPOM-L,soft,random-s40_d0.15,300,0,57,13240475,13.240475
EPOM-L,soft,random-s40_d0.15,300,0,58,13350136,13.350136
EPOM-L,soft,random-s40_d0.15,300,0,59,13304736,13.304736
EPOM-L,soft,random-s40_d0.15,300,0,60,13407415,13.407415
EPOM-L,soft,random-s40_d0.15,300,0,61,13215936,13.215936
EPOM-L,soft,random-s40_d0.15,300,0,62,13322896,13.322896
EPOM-L,soft,random-s40_d0.15,300,0,63,13427796,13.427796
EPOM-L,soft,random-s40_d0.15,300,0,64,13525736,13.525736
EPOM-L,soft,random-s40_d0.15,300,0,65,13526125,13.526125
EPOM-L,soft,random-s40_d0.15,300,0,66,13376216,13.376216
EPOM-L,soft,random-s40_d0.15,300,0,67,13429426,13.429426
EPOM-L,soft,random-s40_d0.15,300,0,68,13516196,13.516196
EPOM-L,soft,random-s40_d0.15,300,0,69,13467226,13.467226
EPOM-L,soft,random-s40_d0.15,300,0,70,13600936,13.600936
EPOM-L,soft,random-s40_d0.15,300,0,71,13495216,13.495216
EPOM-L,soft,random-s40_d0.15,300,0,72,13763885,13.763885
EPOM-L,soft,random-s40_d0.15,300,0,73,13596865,13.596865
EPOM-L,soft,random-s40_d0.15,300,0,74,13630586,13.630586
EPOM-L,soft,random-s40_d0.15,300,0,75,13611396,13.611396
EPOM-L,soft,random-s40_d0.15,300,0,76,13570806,13.570806
EPOM-L,soft,random-s40_d0.15,300,0,77,13759906,13.759906
EPOM-L,soft,random-s40_d0.15,300,0,78,13634885,13.634885
EPOM-L,soft,random-s40_d0.15,300,0,79,13759176,13.759176
EPOM-L,soft,random-s40_d0.15,300,0,80,13629705,13.629705
EPOM-L,soft,random-s40_d0.15,600,0,17,24131510,24.13151
EPOM-L,soft,random-s40_d0.15,600,0,18,24244290,24.24429
EPOM-L,soft,random-s40_d0.15,600,0,19,24197370,24.19737
EPOM-L,soft,random-s40_d0.15,600,0,20,24270560,24.27056
EPOM-L,soft,random-s40_d0.15,600,0,21,24240640,24.24064
EPOM-L,soft,random-s40_d0.15,600,0,22,24292510,24.29251
EPOM-L,soft,random-s40_d0.15,600,0,23,24148150,24.14815
EPOM-L,soft,random-s40_d0.15,600,0,24,24211980,24.21198
EPOM-L,soft,random-s40_d0.15,600,0,25,24187570,24.18757
EPOM-L,soft,random-s40_d0.15,600,0,26,24239210,24.23921
EPOM-L,soft,random-s40_d0.15,600,0,27,24279480,24.27948
EPOM-L,soft,random-s40_d0.15,600,0,28,24288180,24.28818
EPOM-L,soft,random-s40_d0.15,600,0,29,24358390,24.35839
EPOM-L,soft,random-s40_d0.15,600,0,30,24429160,24.42916
EPOM-L,soft,random-s40_d0.15,600,0,31,24352210,24.35221
EPOM-L,soft,random-s40_d0.15,600,0,32,24219749,24.219749
EPOM-L,soft,random-s40_d0.15,600,0,33,24405210,24.40521
EPOM-L,soft,random-s40_d0.15,600,0,34,24482040,24.48204
EPOM-L,soft,random-s40_d0.15,600,0,35,24596140,24.59614
EPOM-L,soft,random-s40_d0.15,600,0,36,24693360,24.69336
EPOM-L,soft,random-s40_d0.15,600,0,37,24944130,24.94413
EPOM-L,soft,random-s40_d0.15,600,0,38,25515730,25.51573
EPOM-L,soft,random-s40_d0.15,600,0,39,25321720,25.32172
EPOM-L,soft,random-s40_d0.15,600,0,40,25817331,25.817331
EPOM-L,soft,random-s40_d0.15,600,0,41,25355050,25.35505
EPOM-L,soft,random-s40_d0.15,600,0,42,25241120,25.24112
EPOM-L,soft,random-s40_d0.15,600,0,43,25636690,25.63669
EPOM-L,soft,random-s40_d0.15,600,0,44,25350030,25.35003
EPOM-L,soft,random-s40_d0.15,600,0,45,25739841,25.739841
EPOM-L,soft,random-s40_d0.15,600,0,46,24994920,24.99492
EPOM-L,soft,random-s40_d0.15,600,0,47,25634050,25.63405
EPOM-L,soft,random-s40_d0.15,600,0,48,25227520,25.22752
EPOM-L,soft,random-s40_d0.15,600,0,49,25355690,25.35569
EPOM-L,soft,random-s40_d0.15,600,0,50,25403131,25.403131
EPOM-L,soft,random-s40_d0.15,600,0,51,25036420,25.03642
EPOM-L,soft,random-s40_d0.15,600,0,52,25588380,25.58838
EPOM-L,soft,random-s40_d0.15,600,0,53,25445580,25.44558
EPOM-L,soft,random-s40_d0.15,600,0,54,25516220,25.51622
EPOM-L,soft,random-s40_d0.15,600,0,55,25356020,25.35602
EPOM-L,soft,random-s40_d0.15,600,0,56,25562451,25.562451
EPOM-L,soft,random-s40_d0.15,600,0,57,25517641,25.517641
EPOM-L,soft,random-s40_d0.15,600,0,58,25596220,25.59622
EPOM-L,soft,random-s40_d0.15,600,0,59,25561090,25.56109
EPOM-L,soft,random-s40_d0.15,600,0,60,25520531,25.520531
EPOM-L,soft,random-s40_d0.15,600,0,61,25747601,25.747601
EPOM-L,soft,random-s40_d0.15,600,0,62,25490430,25.49043
EPOM-L,soft,random-s40_d0.15,600,0,63,25498260,25.49826
EPOM-L,soft,random-s40_d0.15,600,0,64,25482701,25.482701
EPOM-L,soft,random-s40_d0.15,600,0,65,25361051,25.361051
EPOM-L,soft,random-s40_d0.15,600,0,66,25679380,25.67938
EPOM-L,soft,random-s40_d0.15,600,0,67,25695121,25.695121
EPOM-L,soft,random-s40_d0.15,600,0,68,25579310,25.57931
EPOM-L,soft,random-s40_d0.15,600,0,69,25521420,25.52142
EPOM-L,soft,random-s40_d0.15,600,0,70,25606890,25.60689
EPOM-L,soft,random-s40_d0.15,600,0,71,25692940,25.69294
EPOM-L,soft,random-s40_d0.15,600,0,72,25531250,25.53125
EPOM-L,soft,random-s40_d0.15,600,0,73,25963741,25.963741
EPOM-L,soft,random-s40_d0.15,600,0,74,25828511,25.828511
EPOM-L,soft,random-s40_d0.15,600,0,75,25840470,25.84047
EPOM-L,soft,random-s40_d0.15,600,0,76,25936461,25.936461
EPOM-L,soft,random-s40_d0.15,600,0,77,25869260,25.86926
EPOM-L,soft,random-s40_d0.15,600,0,78,26078541,26.078541
EPOM-L,soft,random-s40_d0.15,600,0,79,25914890,25.91489
EPOM-L,soft,random-s40_d0.15,600,0,80,25957301,25.957301
AORePlan,block_both,random-s40_d0.15,100,0,17,18479157,18.479157
AORePlan,block_both,random-s40_d0.15,100,0,18,17674878,17.674878
AORePlan,block_both,random-s40_d0.15,100,0,19,18141688,18.141688
AORePlan,block_both,random-s40_d0.15,100,0,20,17420797,17.420797
AORePlan,block_both,random-s40_d0.15,100,0,21,17653127,17.653127
AORePlan,block_both,random-s40_d0.15,100,0,22,30577902,30.577902
AORePlan,block_both,random-s40_d0.15,100,0,23,17312657,17.312657
AORePlan,block_both,random-s40_d0.15,100,0,24,15991677,15.991677
AORePlan,block_both,random-s40_d0.15,100,0,25,23098959,23.098959
AORePlan,block_both,random-s40_d0.15,100,0,26,23336039,23.336039
AORePlan,block_both,random-s40_d0.15,100,0,27,15473897,15.473897
AORePlan,block_both,random-s40_d0.15,100,0,28,15370746,15.370746
AORePlan,block_both,random-s40_d0.15,100,0,29,21927459,21.927459
AORePlan,block_both,random-s40_d0.15,100,0,30,16308566,16.308566
AORePlan,block_both,random-s40_d0.15,100,0,31,15425116,15.425116
AORePlan,block_both,random-s40_d0.15,100,0,32,15054717,15.054717
AORePlan,block_both,random-s40_d0.15,100,0,33,16420756,16.420756
AORePlan,block_both,random-s40_d0.15,100,0,34,15296256,15.296256
AORePlan,block_both,random-s40_d0.15,100,0,35,15026276,15.026276
AORePlan,block_both,random-s40_d0.15,100,0,36,14722666,14.722666
AORePlan,block_both,random-s40_d0.15,100,0,37,15026326,15.026326
AORePlan,block_both,random-s40_d0.15,100,0,38,15269927,15.269927
AORePlan,block_both,random-s40_d0.15,100,0,39,22440029,22.440029
AORePlan,block_both,random-s40_d0.15,100,0,40,14836456,14.836456
AORePlan,block_both,random-s40_d0.15,100,0,41,15508407,15.508407
AORePlan,block_both,random-s40_d0.15,100,0,42,15315776,15.315776
AORePlan,block_both,random-s40_d0.15,100,0,43,16246497,16.246497
AORePlan,block_both,random-s40_d0.15,100,0,44,16579327,16.579327
AORePlan,block_both,random-s40_d0.15,100,0,45,23280810,23.28081
AORePlan,block_both,random-s40_d0.15,100,0,46,15654447,15.654447
AORePlan,block_both,random-s40_d0.15,100,0,47,15690206,15.690206
AORePlan,block_both,random-s40_d0.15,100,0,48,14995216,14.995216
AORePlan,block_both,random-s40_d0.15,100,0,49,14500536,14.500536
AORePlan,block_both,random-s40_d0.15,100,0,50,14713016,14.713016
AORePlan,block_both,random-s40_d0.15,100,0,51,14751396,14.751396
AORePlan,block_both,random-s40_d0.15,100,0,52,20855438,20.855438
AORePlan,block_both,random-s40_d0.15,100,0,53,20929869,20.929869
AORePlan,block_both,random-s40_d0.15,100,0,54,14277176,14.277176
AORePlan,block_both,random-s40_d0.15,100,0,55,20979229,20.979229
AORePlan,block_both,random-s40_d0.15,100,0,56,14569196,14.569196
AORePlan,block_both,random-s40_d0.15,100,0,57,12936285,12.936285
AORePlan,block_both,random-s40_d0.15,100,0,58,12776245,12.776245
AORePlan,block_both,random-s40_d0.15,100,0,59,20920549,20.920549
AORePlan,block_both,random-s40_d0.15,100,0,60,27775152,27.775152
AORePlan,block_both,random-s40_d0.15,100,0,61,20276168,20.276168
AORePlan,block_both,random-s40_d0.15,100,0,62,13036945,13.036945
AORePlan,block_both,random-s40_d0.15,100,0,63,12622415,12.622415
AORePlan,block_both,random-s40_d0.15,100,0,64,19789809,19.789809
AORePlan,block_both,random-s40_d0.15,100,0,65,20387608,20.387608
AORePlan,block_both,random-s40_d0.15,100,0,66,14862326,14.862326
AORePlan,block_both,random-s40_d0.15,100,0,67,21582889,21.582889
AORePlan,block_both,random-s40_d0.15,100,0,68,35416634,35.416634
AORePlan,block_both,random-s40_d0.15,100,0,69,29038072,29.038072
AORePlan,block_both,random-s40_d0.15,100,0,70,36099775,36.099775
AORePlan,block_both,random-s40_d0.15,100,0,71,22746350,22.74635
AORePlan,block_both,random-s40_d0.15,100,0,72,35861535,35.861535
AORePlan,block_both,random-s40_d0.15,100,0,73,22615589,22.615589
AORePlan,block_both,random-s40_d0.15,100,0,74,14023296,14.023296
AORePlan,block_both,random-s40_d0.15,100,0,75,14241326,14.241326
AORePlan,block_both,random-s40_d0.15,100,0,76,13781555,13.781555
AORePlan,block_both,random-s40_d0.15,100,0,77,29199392,29.199392
AORePlan,block_both,random-s40_d0.15,100,0,78,22309940,22.30994
AORePlan,block_both,random-s40_d0.15,100,0,79,36455934,36.455934
AORePlan,block_both,random-s40_d0.15,100,0,80,15675757,15.675757
AORePlan,block_both,random-s40_d0.15,300,0,17,98441180,98.44118
AORePlan,block_both,random-s40_d0.15,300,0,18,99111081,99.111081
AORePlan,block_both,random-s40_d0.15,300,0,19,97204189,97.204189
AORePlan,block_both,random-s40_d0.15,300,0,20,92465328,92.465328
AORePlan,block_both,random-s40_d0.15,300,0,21,109858065,109.858065
AORePlan,block_both,random-s40_d0.15,300,0,22,97990020,97.99002
AORePlan,block_both,random-s40_d0.15,300,0,23,89878946,89.878946
AORePlan,block_both,random-s40_d0.15,300,0,24,73474390,73.47439
AORePlan,block_both,random-s40_d0.15,300,0,25,91109277,91.109277
AORePlan,block_both,random-s40_d0.15,300,0,26,86926366,86.926366
AORePlan,block_both,random-s40_d0.15,300,0,27,71491349,71.491349
AORePlan,block_both,random-s40_d0.15,300,0,28,98009440,98.00944
AORePlan,block_both,random-s40_d0.15,300,0,29,109814325,109.814325
AORePlan,block_both,random-s40_d0.15,300,0,30,108516814,108.516814
AORePlan,block_both,random-s40_d0.15,300,0,31,130449344,130.449344
AORePlan,block_both,random-s40_d0.15,300,0,32,90785697,90.785697
AORePlan,block_both,random-s40_d0.15,300,0,33,122838940,122.83894
AORePlan,block_both,random-s40_d0.15,300,0,34,107136084,107.136084
AORePlan,block_both,random-s40_d0.15,300,0,35,90356297,90.356297
AORePlan,block_both,random-s40_d0.15,300,0,36,110065475,110.065475
AORePlan,block_both,random-s40_d0.15,300,0,37,95327569,95.327569
AORePlan,block_both,random-s40_d0.15,300,0,38,119781349,119.781349
AORePlan,block_both,random-s40_d0.15,300,0,39,99117111,99.117111
AORePlan,block_both,random-s40_d0.15,300,0,40,93929278,93.929278
AORePlan,block_both,random-s40_d0.15,300,0,41,92452858,92.452858
AORePlan,block_both,random-s40_d0.15,300,0,42,95359619,95.359619
AORePlan,block_both,random-s40_d0.15,300,0,43,64102996,64.102996
AORePlan,block_both,random-s40_d0.15,300,0,44,81579153,81.579153
AORePlan,block_both,random-s40_d0.15,300,0,45,96860780,96.86078
AORePlan,block_both,random-s40_d0.15,300,0,46,91812428,91.812428
AORePlan,block_both,random-s40_d0.15,300,0,47,88004436,88.004436
AORePlan,block_both,random-s40_d0.15,300,0,48,104024042,104.024042
AORePlan,block_both,random-s40_d0.15,300,0,49,100978851,100.978851
AORePlan,block_both,random-s40_d0.15,300,0,50,66430647,66.430647
AORePlan,block_both,random-s40_d0.15,300,0,51,73803850,73.80385
AORePlan,block_both,random-s40_d0.15,300,0,52,113692637,113.692637
AORePlan,block_both,random-s40_d0.15,300,0,53,81922543,81.922543
AORePlan,block_both,random-s40_d0.15,300,0,54,84194884,84.194884
AORePlan,block_both,random-s40_d0.15,300,0,55,72120520,72.12052
AORePlan,block_both,random-s40_d0.15,300,0,56,73892060,73.89206
AORePlan,block_both,random-s40_d0.15,300,0,57,79170112,79.170112
AORePlan,block_both,random-s40_d0.15,300,0,58,89292627,89.292627
AORePlan,block_both,random-s40_d0.15,300,0,59,61864425,61.864425
AORePlan,block_both,random-s40_d0.15,300,0,60,84770334,84.770334
AORePlan,block_both,random-s40_d0.15,300,0,61,71220109,71.220109
AORePlan,block_both,random-s40_d0.15,300,0,62,105620194,105.620194
AORePlan,block_both,random-s40_d0.15,300,0,63,87080736,87.080736
AORePlan,block_both,random-s40_d0.15,300,0,64,69975489,69.975489
AORePlan,block_both,random-s40_d0.15,300,0,65,72949870,72.94987
AORePlan,block_both,random-s40_d0.15,300,0,66,80664313,80.664313
AORePlan,block_both,random-s40_d0.15,300,0,67,86932336,86.932336
AORePlan,block_both,random-s40_d0.15,300,0,68,97281980,97.28198
AORePlan,block_both,random-s40_d0.15,300,0,69,104368563,104.368563
AORePlan,block_both,random-s40_d0.15,300,0,70,92158878,92.158878
AORePlan,block_both,random-s40_d0.15,300,0,71,82804954,82.804954
AORePlan,block_both,random-s40_d0.15,300,0,72,109935215,109.935215
AORePlan,block_both,random-s40_d0.15,300,0,73,114118546,114.118546
AORePlan,block_both,random-s40_d0.15,300,0,74,91611438,91.611438
AORePlan,block_both,random-s40_d0.15,300,0,75,101884222,101.884222
AORePlan,block_both,random-s40_d0.15,300,0,76,102678882,102.678882
AORePlan,block_both,random-s40_d0.15,300,0,77,77486402,77.486402
AORePlan,block_both,random-s40_d0.15,300,0,78,120289889,120.289889
AORePlan,block_both,random-s40_d0.15,300,0,79,72195710,72.19571
AORePlan,block_both,random-s40_d0.15,300,0,80,89066626,89.066626
AORePlan,block_both,random-s40_d0.15,600,0,17,219647270,219.64727
AORePlan,block_both,random-s40_d0.15,600,0,18,249451002,249.451002
AORePlan,block_both,random-s40_d0.15,600,0,19,222003681,222.003681
AORePlan,block_both,random-s40_d0.15,600,0,20,232361905,232.361905
AORePlan,block_both,random-s40_d0.15,600,0,21,216886269,216.886269
AORePlan,block_both,random-s40_d0.15,600,0,22,258114256,258.114256
AORePlan,block_both,random-s40_d0.15,600,0,23,233014525,233.014525
AORePlan,block_both,random-s40_d0.15,600,0,24,206299934,206.299934
AORePlan,block_both,random-s40_d0.15,600,0,25,234800386,234.800386
AORePlan,block_both,random-s40_d0.15,600,0,26,262694038,262.694038
AORePlan,block_both,random-s40_d0.15,600,0,27,230781834,230.781834
AORePlan,block_both,random-s40_d0.15,600,0,28,210048225,210.048225
AORePlan,block_both,random-s40_d0.15,600,0,29,222738811,222.738811
AORePlan,block_both,random-s40_d0.15,600,0,30,209971866,209.971866
AORePlan,block_both,random-s40_d0.15,600,0,31,210954837,210.954837
AORePlan,block_both,random-s40_d0.15,600,0,32,187584547,187.584547
AORePlan,block_both,random-s40_d0.15,600,0,33,175566842,175.566842
AORePlan,block_both,random-s40_d0.15,600,0,34,209160985,209.160985
AORePlan,block_both,random-s40_d0.15,600,0,35,197679581,197.679581
AORePlan,block_both,random-s40_d0.15,600,0,36,203141013,203.141013
AORePlan,block_both,random-s40_d0.15,600,0,37,197898171,197.898171
AORePlan,block_both,random-s40_d0.15,600,0,38,225568962,225.568962
AORePlan,block_both,random-s40_d0.15,600,0,39,246100920,246.10092
AORePlan,block_both,random-s40_d0.15,600,0,40,211126787,211.126787
AORePlan,block_both,random-s40_d0.15,600,0,41,222316151,222.316151
AORePlan,block_both,random-s40_d0.15,600,0,42,196735300,196.7353
AORePlan,block_both,random-s40_d0.15,600,0,43,211311237,211.311237
AORePlan,block_both,random-s40_d0.15,600,0,44,194027979,194.027979
AORePlan,block_both,random-s40_d0.15,600,0,45,210899816,210.899816
AORePlan,block_both,random-s40_d0.15,600,0,46,215771309,215.771309
AORePlan,block_both,random-s40_d0.15,600,0,47,183649436,183.649436
AORePlan,block_both,random-s40_d0.15,600,0,48,186439656,186.439656
AORePlan,block_both,random-s40_d0.15,600,0,49,189307307,189.307307
AORePlan,block_both,random-s40_d0.15,600,0,50,207076415,207.076415
AORePlan,block_both,random-s40_d0.15,600,0,51,172981700,172.9817
AORePlan,block_both,random-s40_d0.15,600,0,52,183258835,183.258835
AORePlan,block_both,random-s40_d0.15,600,0,53,208964675,208.964675
AORePlan,block_both,random-s40_d0.15,600,0,54,159184355,159.184355
AORePlan,block_both,random-s40_d0.15,600,0,55,171116819,171.116819
AORePlan,block_both,random-s40_d0.15,600,0,56,182220404,182.220404
AORePlan,block_both,random-s40_d0.15,600,0,57,166160048,166.160048
AORePlan,block_both,random-s40_d0.15,600,0,58,198703271,198.703271
AORePlan,block_both,random-s40_d0.15,600,0,59,222334141,222.334141
AORePlan,block_both,random-s40_d0.15,600,0,60,187415086,187.415086
AORePlan,block_both,random-s40_d0.15,600,0,61,194860339,194.860339
AORePlan,block_both,random-s40_d0.15,600,0,62,194923700,194.9237
AORePlan,block_both,random-s40_d0.15,600,0,63,193947440,193.94744
AORePlan,block_both,random-s40_d0.15,600,0,64,195970921,195.970921
AORePlan,block_both,random-s40_d0.15,600,0,65,214088688,214.088688
AORePlan,block_both,random-s40_d0.15,600,0,66,235903047,235.903047
AORePlan,block_both,random-s40_d0.15,600,0,67,205835004,205.835004
AORePlan,block_both,random-s40_d0.15,600,0,68,176167353,176.167353
AORePlan,block_both,random-s40_d0.15,600,0,69,187917077,187.917077
AORePlan,block_both,random-s40_d0.15,600,0,70,225686462,225.686462
AORePlan,block_both,random-s40_d0.15,600,0,71,209575006,209.575006
AORePlan,block_both,random-s40_d0.15,600,0,72,199232132,199.232132
AORePlan,block_both,random-s40_d0.15,600,0,73,216931339,216.931339
AORePlan,block_both,random-s40_d0.15,600,0,74,238650897,238.650897
AORePlan,block_both,random-s40_d0.15,600,0,75,233765255,233.765255
AORePlan,block_both,random-s40_d0.15,600,0,76,207198155,207.198155
AORePlan,block_both,random-s40_d0.15,600,0,77,164441457,164.441457
AORePlan,block_both,random-s40_d0.15,600,0,78,185980186,185.980186
AORePlan,block_both,random-s40_d0.15,600,0,79,211258376,211.258376
AORePlan,block_both,random-s40_d0.15,600,0,80,191016523,191.016523
AORePlan,soft,random-s40_d0.15,100,0,17,18351023,18.351023
AORePlan,soft,random-s40_d0.15,100,0,18,25850994,25.850994
AORePlan,soft,random-s40_d0.15,100,0,19,17593223,17.593223
AORePlan,soft,random-s40_d0.15,100,0,20,18097654,18.097654
AORePlan,soft,random-s40_d0.15,100,0,21,16285083,16.285083
AORePlan,soft,random-s40_d0.15,100,0,22,31323585,31.323585
AORePlan,soft,random-s40_d0.15,100,0,23,16738643,16.738643
AORePlan,soft,random-s40_d0.15,100,0,24,17262083,17.262083
AORePlan,soft,random-s40_d0.15,100,0,25,22942104,22.942104
AORePlan,soft,random-s40_d0.15,100,0,26,17162733,17.162733
AORePlan,soft,random-s40_d0.15,100,0,27,15704643,15.704643
AORePlan,soft,random-s40_d0.15,100,0,28,15870453,15.870453
AORePlan,soft,random-s40_d0.15,100,0,29,21998753,21.998753
AORePlan,soft,random-s40_d0.15,100,0,30,16169423,16.169423
AORePlan,soft,random-s40_d0.15,100,0,31,22205683,22.205683
AORePlan,soft,random-s40_d0.15,100,0,32,14881103,14.881103
AORePlan,soft,random-s40_d0.15,100,0,33,14669633,14.669633
AORePlan,soft,random-s40_d0.15,100,0,34,15227273,15.227273
AORePlan,soft,random-s40_d0.15,100,0,35,15298823,15.298823
AORePlan,soft,random-s40_d0.15,100,0,36,15495032,15.495032
AORePlan,soft,random-s40_d0.15,100,0,37,22464224,22.464224
AORePlan,soft,random-s40_d0.15,100,0,38,16413943,16.413943
AORePlan,soft,random-s40_d0.15,100,0,39,15038862,15.038862
AORePlan,soft,random-s40_d0.15,100,0,40,14764553,14.764553
AORePlan,soft,random-s40_d0.15,100,0,41,21678583,21.678583
AORePlan,soft,random-s40_d0.15,100,0,42,22736304,22.736304
AORePlan,soft,random-s40_d0.15,100,0,43,22534954,22.534954
AORePlan,soft,random-s40_d0.15,100,0,44,23469484,23.469484
AORePlan,soft,random-s40_d0.15,100,0,45,22928594,22.928594
AORePlan,soft,random-s40_d0.15,100,0,46,23086904,23.086904
AORePlan,soft,random-s40_d0.15,100,0,47,15778093,15.778093
AORePlan,soft,random-s40_d0.15,100,0,48,16488512,16.488512
AORePlan,soft,random-s40_d0.15,100,0,49,15803272,15.803272
AORePlan,soft,random-s40_d0.15,100,0,50,30118125,30.118125
AORePlan,soft,random-s40_d0.15,100,0,51,16060333,16.060333
AORePlan,soft,random-s40_d0.15,100,0,52,22216273,22.216273
AORePlan,soft,random-s40_d0.15,100,0,53,23245454,23.245454
AORePlan,soft,random-s40_d0.15,100,0,54,22809804,22.809804
AORePlan,soft,random-s40_d0.15,100,0,55,22522104,22.522104
AORePlan,soft,random-s40_d0.15,100,0,56,14949453,14.949453
AORePlan,soft,random-s40_d0.15,100,0,57,15183723,15.183723
AORePlan,soft,random-s40_d0.15,100,0,58,15420643,15.420643
AORePlan,soft,random-s40_d0.15,100,0,59,21656214,21.656214
AORePlan,soft,random-s40_d0.15,100,0,60,22240204,22.240204
AORePlan,soft,random-s40_d0.15,100,0,61,14959523,14.959523
AORePlan,soft,random-s40_d0.15,100,0,62,22955834,22.955834
AORePlan,soft,random-s40_d0.15,100,0,63,22039094,22.039094
AORePlan,soft,random-s40_d0.15,100,0,64,22247594,22.247594
AORePlan,soft,random-s40_d0.15,100,0,65,14665053,14.665053
AORePlan,soft,random-s40_d0.15,100,0,66,20737554,20.737554
AORePlan,soft,random-s40_d0.15,100,0,67,15334683,15.334683
AORePlan,soft,random-s40_d0.15,100,0,68,21291453,21.291453
AORePlan,soft,random-s40_d0.15,100,0,69,22137354,22.137354
AORePlan,soft,random-s40_d0.15,100,0,70,15320803,15.320803
AORePlan,soft,random-s40_d0.15,100,0,71,36376936,36.376936
AORePlan,soft,random-s40_d0.15,100,0,72,23725094,23.725094
AORePlan,soft,random-s40_d0.15,100,0,73,38309186,38.309186
AORePlan,soft,random-s40_d0.15,100,0,74,17745873,17.745873
AORePlan,soft,random-s40_d0.15,100,0,75,23903794,23.903794
AORePlan,soft,random-s40_d0.15,100,0,76,23204614,23.204614
AORePlan,soft,random-s40_d0.15,100,0,77,24644894,24.644894
AORePlan,soft,random-s40_d0.15,100,0,78,23252864,23.252864
AORePlan,soft,random-s40_d0.15,100,0,79,31496256,31.496256
AORePlan,soft,random-s40_d0.15,100,0,80,29977595,29.977595
AORePlan,soft,random-s40_d0.15,300,0,17,83780495,83.780495
AORePlan,soft,random-s40_d0.15,300,0,18,95911377,95.911377
AORePlan,soft,random-s40_d0.15,300,0,19,83322304,83.322304
AORePlan,soft,random-s40_d0.15,300,0,20,93981796,93.981796
AORePlan,soft,random-s40_d0.15,300,0,21,104106009,104.106009
AORePlan,soft,random-s40_d0.15,300,0,22,114527941,114.527941
AORePlan,soft,random-s40_d0.15,300,0,23,95081776,95.081776
AORePlan,soft,random-s40_d0.15,300,0,24,76225834,76.225834
AORePlan,soft,random-s40_d0.15,300,0,25,108002629,108.002629
AORePlan,soft,random-s40_d0.15,300,0,26,99726078,99.726078
AORePlan,soft,random-s40_d0.15,300,0,27,72468032,72.468032
AORePlan,soft,random-s40_d0.15,300,0,28,87838366,87.838366
AORePlan,soft,random-s40_d0.15,300,0,29,114518720,114.51872
AORePlan,soft,random-s40_d0.15,300,0,30,70675922,70.675922
AORePlan,soft,random-s40_d0.15,300,0,31,89012946,89.012946
AORePlan,soft,random-s40_d0.15,300,0,32,73100583,73.100583
AORePlan,soft,random-s40_d0.15,300,0,33,93200037,93.200037
AORePlan,soft,random-s40_d0.15,300,0,34,58905411,58.905411
AORePlan,soft,random-s40_d0.15,300,0,35,86417235,86.417235
AORePlan,soft,random-s40_d0.15,300,0,36,74459983,74.459983
AORePlan,soft,random-s40_d0.15,300,0,37,88722216,88.722216
AORePlan,soft,random-s40_d0.15,300,0,38,86744466,86.744466
AORePlan,soft,random-s40_d0.15,300,0,39,102398099,102.398099
AORePlan,soft,random-s40_d0.15,300,0,40,121015711,121.015711
AORePlan,soft,random-s40_d0.15,300,0,41,110534589,110.534589
AORePlan,soft,random-s40_d0.15,300,0,42,115134941,115.134941
AORePlan,soft,random-s40_d0.15,300,0,43,100336108,100.336108
AORePlan,soft,random-s40_d0.15,300,0,44,102499848,102.499848
AORePlan,soft,random-s40_d0.15,300,0,45,80470105,80.470105
AORePlan,soft,random-s40_d0.15,300,0,46,101193038,101.193038
AORePlan,soft,random-s40_d0.15,300,0,47,75250884,75.250884
AORePlan,soft,random-s40_d0.15,300,0,48,91044556,91.044556
AORePlan,soft,random-s40_d0.15,300,0,49,94932117,94.932117
AORePlan,soft,random-s40_d0.15,300,0,50,85648495,85.648495
AORePlan,soft,random-s40_d0.15,300,0,51,100466518,100.466518
AORePlan,soft,random-s40_d0.15,300,0,52,88749346,88.749346
AORePlan,soft,random-s40_d0.15,300,0,53,98149177,98.149177
AORePlan,soft,random-s40_d0.15,300,0,54,102113598,102.113598
AORePlan,soft,random-s40_d0.15,300,0,55,119184341,119.184341
AORePlan,soft,random-s40_d0.15,300,0,56,80762144,80.762144
AORePlan,soft,random-s40_d0.15,300,0,57,103989208,103.989208
AORePlan,soft,random-s40_d0.15,300,0,58,85445515,85.445515
AORePlan,soft,random-s40_d0.15,300,0,59,105089268,105.089268
AORePlan,soft,random-s40_d0.15,300,0,60,126185572,126.185572
AORePlan,soft,random-s40_d0.15,300,0,61,108874740,108.87474
AORePlan,soft,random-s40_d0.15,300,0,62,97616697,97.616697
AORePlan,soft,random-s40_d0.15,300,0,63,95303467,95.303467
AORePlan,soft,random-s40_d0.15,300,0,64,89866696,89.866696
AORePlan,soft,random-s40_d0.15,300,0,65,82755955,82.755955
AORePlan,soft,random-s40_d0.15,300,0,66,110165790,110.16579
AORePlan,soft,random-s40_d0.15,300,0,67,82496684,82.496684
AORePlan,soft,random-s40_d0.15,300,0,68,72227013,72.227013
AORePlan,soft,random-s40_d0.15,300,0,69,73026533,73.026533
AORePlan,soft,random-s40_d0.15,300,0,70,80260084,80.260084
AORePlan,soft,random-s40_d0.15,300,0,71,80726045,80.726045
AORePlan,soft,random-s40_d0.15,300,0,72,66692322,66.692322
AORePlan,soft,random-s40_d0.15,300,0,73,78502414,78.502414
AORePlan,soft,random-s40_d0.15,300,0,74,95605737,95.605737
AORePlan,soft,random-s40_d0.15,300,0,75,74986134,74.986134
AORePlan,soft,random-s40_d0.15,300,0,76,103110558,103.110558
AORePlan,soft,random-s40_d0.15,300,0,77,98922928,98.922928
AORePlan,soft,random-s40_d0.15,300,0,78,69051932,69.051932
AORePlan,soft,random-s40_d0.15,300,0,79,65647201,65.647201
AORePlan,soft,random-s40_d0.15,300,0,80,66752162,66.752162
AORePlan,soft,random-s40_d0.15,600,0,17,283438631,283.438631
AORePlan,soft,random-s40_d0.15,600,0,18,240559993,240.559993
AORePlan,soft,random-s40_d0.15,600,0,19,265043106,265.043106
AORePlan,soft,random-s40_d0.15,600,0,20,224330240,224.33024
AORePlan,soft,random-s40_d0.15,600,0,21,242961983,242.961983
AORePlan,soft,random-s40_d0.15,600,0,22,227821280,227.82128
AORePlan,soft,random-s40_d0.15,600,0,23,263883806,263.883806
AORePlan,soft,random-s40_d0.15,600,0,24,205773196,205.773196
AORePlan,soft,random-s40_d0.15,600,0,25,223408440,223.40844
AORePlan,soft,random-s40_d0.15,600,0,26,201746355,201.746355
AORePlan,soft,random-s40_d0.15,600,0,27,203884156,203.884156
AORePlan,soft,random-s40_d0.15,600,0,28,240547212,240.547212
AORePlan,soft,random-s40_d0.15,600,0,29,213930138,213.930138
AORePlan,soft,random-s40_d0.15,600,0,30,225139780,225.13978
AORePlan,soft,random-s40_d0.15,600,0,31,220628799,220.628799
AORePlan,soft,random-s40_d0.15,600,0,32,267458877,267.458877
AORePlan,soft,random-s40_d0.15,600,0,33,244071113,244.071113
AORePlan,soft,random-s40_d0.15,600,0,34,215556339,215.556339
AORePlan,soft,random-s40_d0.15,600,0,35,208345767,208.345767
AORePlan,soft,random-s40_d0.15,600,0,36,221073309,221.073309
AORePlan,soft,random-s40_d0.15,600,0,37,237862082,237.862082
AORePlan,soft,random-s40_d0.15,600,0,38,230267631,230.267631
AORePlan,soft,random-s40_d0.15,600,0,39,198298705,198.298705
AORePlan,soft,random-s40_d0.15,600,0,40,212339978,212.339978
AORePlan,soft,random-s40_d0.15,600,0,41,207799866,207.799866
AORePlan,soft,random-s40_d0.15,600,0,42,214050147,214.050147
AORePlan,soft,random-s40_d0.15,600,0,43,210030157,210.030157
AORePlan,soft,random-s40_d0.15,600,0,44,189866854,189.866854
AORePlan,soft,random-s40_d0.15,600,0,45,213722008,213.722008
AORePlan,soft,random-s40_d0.15,600,0,46,190085214,190.085214
AORePlan,soft,random-s40_d0.15,600,0,47,184148773,184.148773
AORePlan,soft,random-s40_d0.15,600,0,48,201319975,201.319975
AORePlan,soft,random-s40_d0.15,600,0,49,231616621,231.616621
AORePlan,soft,random-s40_d0.15,600,0,50,224633960,224.63396
AORePlan,soft,random-s40_d0.15,600,0,51,211900217,211.900217
AORePlan,soft,random-s40_d0.15,600,0,52,181026692,181.026692
AORePlan,soft,random-s40_d0.15,600,0,53,204269796,204.269796
AORePlan,soft,random-s40_d0.15,600,0,54,202362566,202.362566
AORePlan,soft,random-s40_d0.15,600,0,55,209524548,209.524548
AORePlan,soft,random-s40_d0.15,600,0,56,175104661,175.104661
AORePlan,soft,random-s40_d0.15,600,0,57,194759614,194.759614
AORePlan,soft,random-s40_d0.15,600,0,58,220573299,220.573299
AORePlan,soft,random-s40_d0.15,600,0,59,209574937,209.574937
AORePlan,soft,random-s40_d0.15,600,0,60,208396017,208.396017
AORePlan,soft,random-s40_d0.15,600,0,61,240407462,240.407462
AORePlan,soft,random-s40_d0.15,600,0,62,217290758,217.290758
AORePlan,soft,random-s40_d0.15,600,0,63,161249459,161.249459
AORePlan,soft,random-s40_d0.15,600,0,64,170421300,170.4213
AORePlan,soft,random-s40_d0.15,600,0,65,232509751,232.509751
AORePlan,soft,random-s40_d0.15,600,0,66,205098706,205.098706
AORePlan,soft,random-s40_d0.15,600,0,67,194395504,194.395504
AORePlan,soft,random-s40_d0.15,600,0,68,215022148,215.022148
AORePlan,soft,random-s40_d0.15,600,0,69,173645841,173.645841
AORePlan,soft,random-s40_d0.15,600,0,70,172305360,172.30536
AORePlan,soft,random-s40_d0.15,600,0,71,182886522,182.886522
AORePlan,soft,random-s40_d0.15,600,0,72,202389736,202.389736
AORePlan,soft,random-s40_d0.15,600,0,73,195173525,195.173525
AORePlan,soft,random-s40_d0.15,600,0,74,193267404,193.267404
AORePlan,soft,random-s40_d0.15,600,0,75,208835397,208.835397
AORePlan,soft,random-s40_d0.15,600,0,76,202743595,202.743595
AORePlan,soft,random-s40_d0.15,600,0,77,228553230,228.55323
AORePlan,soft,random-s40_d0.15,600,0,78,210005557,210.005557
AORePlan,soft,random-s40_d0.15,600,0,79,208446257,208.446257
AORePlan,soft,random-s40_d0.15,600,0,80,203111356,203.111356
ARPE,block_both,random-s40_d0.15,100,0,17,16445903,16.445903
ARPE,block_both,random-s40_d0.15,100,0,18,16461543,16.461543
ARPE,block_both,random-s40_d0.15,100,0,19,16464803,16.464803
ARPE,block_both,random-s40_d0.15,100,0,20,16238883,16.238883
ARPE,block_both,random-s40_d0.15,100,0,21,16549453,16.549453
ARPE,block_both,random-s40_d0.15,100,0,22,16397303,16.397303
ARPE,block_both,random-s40_d0.15,100,0,23,16358453,16.358453
ARPE,block_both,random-s40_d0.15,100,0,24,16351933,16.351933
ARPE,block_both,random-s40_d0.15,100,0,25,16395123,16.395123
ARPE,block_both,random-s40_d0.15,100,0,26,16411293,16.411293
ARPE,block_both,random-s40_d0.15,100,0,27,16333352,16.333352
ARPE,block_both,random-s40_d0.15,100,0,28,16422403,16.422403
ARPE,block_both,random-s40_d0.15,100,0,29,16304183,16.304183
ARPE,block_both,random-s40_d0.15,100,0,30,16375223,16.375223
ARPE,block_both,random-s40_d0.15,100,0,31,16539303,16.539303
ARPE,block_both,random-s40_d0.15,100,0,32,16617283,16.617283
ARPE,block_both,random-s40_d0.15,100,0,33,16549203,16.549203
ARPE,block_both,random-s40_d0.15,100,0,34,16537093,16.537093
ARPE,block_both,random-s40_d0.15,100,0,35,16581453,16.581453
ARPE,block_both,random-s40_d0.15,100,0,36,16515193,16.515193
ARPE,block_both,random-s40_d0.15,100,0,37,16544653,16.544653
ARPE,block_both,random-s40_d0.15,100,0,38,16481783,16.481783
ARPE,block_both,random-s40_d0.15,100,0,39,16627882,16.627882
ARPE,block_both,random-s40_d0.15,100,0,40,16640733,16.640733
ARPE,block_both,random-s40_d0.15,100,0,41,16615363,16.615363
ARPE,block_both,random-s40_d0.15,100,0,42,16632423,16.632423
ARPE,block_both,random-s40_d0.15,100,0,43,16505973,16.505973
ARPE,block_both,random-s40_d0.15,100,0,44,16670843,16.670843
ARPE,block_both,random-s40_d0.15,100,0,45,16702513,16.702513
ARPE,block_both,random-s40_d0.15,100,0,46,16757533,16.757533
ARPE,block_both,random-s40_d0.15,100,0,47,16593823,16.593823
ARPE,block_both,random-s40_d0.15,100,0,48,16587773,16.587773
ARPE,block_both,random-s40_d0.15,100,0,49,16745323,16.745323
ARPE,block_both,random-s40_d0.15,100,0,50,16762342,16.762342
ARPE,block_both,random-s40_d0.15,100,0,51,16752723,16.752723
ARPE,block_both,random-s40_d0.15,100,0,52,16809792,16.809792
ARPE,block_both,random-s40_d0.15,100,0,53,16698493,16.698493
ARPE,block_both,random-s40_d0.15,100,0,54,16702503,16.702503
ARPE,block_both,random-s40_d0.15,100,0,55,16798243,16.798243
ARPE,block_both,random-s40_d0.15,100,0,56,16666363,16.666363
ARPE,block_both,random-s40_d0.15,100,0,57,16696993,16.696993
ARPE,block_both,random-s40_d0.15,100,0,58,16629443,16.629443
ARPE,block_both,random-s40_d0.15,100,0,59,16524403,16.524403
ARPE,block_both,random-s40_d0.15,100,0,60,16666033,16.666033
ARPE,block_both,random-s40_d0.15,100,0,61,16581653,16.581653
ARPE,block_both,random-s40_d0.15,100,0,62,16698162,16.698162
ARPE,block_both,random-s40_d0.15,100,0,63,16715613,16.715613
ARPE,block_both,random-s40_d0.15,100,0,64,16707463,16.707463
ARPE,block_both,random-s40_d0.15,100,0,65,16815373,16.815373
ARPE,block_both,random-s40_d0.15,100,0,66,16701063,16.701063
ARPE,block_both,random-s40_d0.15,100,0,67,16607573,16.607573
ARPE,block_both,random-s40_d0.15,100,0,68,16693123,16.693123
ARPE,block_both,random-s40_d0.15,100,0,69,16509973,16.509973
ARPE,block_both,random-s40_d0.15,100,0,70,16736403,16.736403
ARPE,block_both,random-s40_d0.15,100,0,71,16706663,16.706663
ARPE,block_both,random-s40_d0.15,100,0,72,16556063,16.556063
ARPE,block_both,random-s40_d0.15,100,0,73,16596313,16.596313
ARPE,block_both,random-s40_d0.15,100,0,74,16689513,16.689513
ARPE,block_both,random-s40_d0.15,100,0,75,16623773,16.623773
ARPE,block_both,random-s40_d0.15,100,0,76,16592013,16.592013
ARPE,block_both,random-s40_d0.15,100,0,77,16656603,16.656603
ARPE,block_both,random-s40_d0.15,100,0,78,16619543,16.619543
ARPE,block_both,random-s40_d0.15,100,0,79,16720593,16.720593
ARPE,block_both,random-s40_d0.15,100,0,80,16711893,16.711893
ARPE,block_both,random-s40_d0.15,300,0,17,37838127,37.838127
ARPE,block_both,random-s40_d0.15,300,0,18,37714627,37.714627
ARPE,block_both,random-s40_d0.15,300,0,19,38008217,38.008217
ARPE,block_both,random-s40_d0.15,300,0,20,41611587,41.611587
ARPE,block_both,random-s40_d0.15,300,0,21,37866787,37.866787
ARPE,block_both,random-s40_d0.15,300,0,22,37790126,37.790126
ARPE,block_both,random-s40_d0.15,300,0,23,38008627,38.008627
ARPE,block_both,random-s40_d0.15,300,0,24,37835216,37.835216
ARPE,block_both,random-s40_d0.15,300,0,25,38020027,38.020027
ARPE,block_both,random-s40_d0.15,300,0,26,37919966,37.919966
ARPE,block_both,random-s40_d0.15,300,0,27,38175046,38.175046
ARPE,block_both,random-s40_d0.15,300,0,28,38027467,38.027467
ARPE,block_both,random-s40_d0.15,300,0,29,38209147,38.209147
ARPE,block_both,random-s40_d0.15,300,0,30,38231176,38.231176
ARPE,block_both,random-s40_d0.15,300,0,31,38185396,38.185396
ARPE,block_both,random-s40_d0.15,300,0,32,38131626,38.131626
ARPE,block_both,random-s40_d0.15,300,0,33,38295607,38.295607
ARPE,block_both,random-s40_d0.15,300,0,34,38271107,38.271107
ARPE,block_both,random-s40_d0.15,300,0,35,38189307,38.189307
ARPE,block_both,random-s40_d0.15,300,0,36,38209257,38.209257
ARPE,block_both,random-s40_d0.15,300,0,37,38279887,38.279887
ARPE,block_both,random-s40_d0.15,300,0,38,38182957,38.182957
ARPE,block_both,random-s40_d0.15,300,0,39,38050076,38.050076
ARPE,block_both,random-s40_d0.15,300,0,40,38288067,38.288067
ARPE,block_both,random-s40_d0.15,300,0,41,38271607,38.271607
ARPE,block_both,random-s40_d0.15,300,0,42,38105327,38.105327
ARPE,block_both,random-s40_d0.15,300,0,43,38120387,38.120387
ARPE,block_both,random-s40_d0.15,300,0,44,38401467,38.401467
ARPE,block_both,random-s40_d0.15,300,0,45,38315247,38.315247
ARPE,block_both,random-s40_d0.15,300,0,46,38426847,38.426847
ARPE,block_both,random-s40_d0.15,300,0,47,39399147,39.399147
ARPE,block_both,random-s40_d0.15,300,0,48,38564087,38.564087
ARPE,block_both,random-s40_d0.15,300,0,49,38668847,38.668847
ARPE,block_both,random-s40_d0.15,300,0,50,38668757,38.668757
ARPE,block_both,random-s40_d0.15,300,0,51,38447727,38.447727
ARPE,block_both,random-s40_d0.15,300,0,52,38676207,38.676207
ARPE,block_both,random-s40_d0.15,300,0,53,38619586,38.619586
ARPE,block_both,random-s40_d0.15,300,0,54,38637747,38.637747
ARPE,block_both,random-s40_d0.15,300,0,55,38339377,38.339377
ARPE,block_both,random-s40_d0.15,300,0,56,38657076,38.657076
ARPE,block_both,random-s40_d0.15,300,0,57,38460777,38.460777
ARPE,block_both,random-s40_d0.15,300,0,58,38538187,38.538187
ARPE,block_both,random-s40_d0.15,300,0,59,38595687,38.595687
ARPE,block_both,random-s40_d0.15,300,0,60,38593197,38.593197
ARPE,block_both,random-s40_d0.15,300,0,61,38462537,38.462537
ARPE,block_both,random-s40_d0.15,300,0,62,38600687,38.600687
ARPE,block_both,random-s40_d0.15,300,0,63,38395276,38.395276
ARPE,block_both,random-s40_d0.15,300,0,64,38577077,38.577077
ARPE,block_both,random-s40_d0.15,300,0,65,38509477,38.509477
ARPE,block_both,random-s40_d0.15,300,0,66,38680776,38.680776
ARPE,block_both,random-s40_d0.15,300,0,67,38634107,38.634107
ARPE,block_both,random-s40_d0.15,300,0,68,38532407,38.532407
ARPE,block_both,random-s40_d0.15,300,0,69,38691967,38.691967
ARPE,block_both,random-s40_d0.15,300,0,70,38660347,38.660347
ARPE,block_both,random-s40_d0.15,300,0,71,38571007,38.571007
ARPE,block_both,random-s40_d0.15,300,0,72,38828367,38.828367
ARPE,block_both,random-s40_d0.15,300,0,73,38780507,38.780507
ARPE,block_both,random-s40_d0.15,300,0,74,38813417,38.813417
ARPE,block_both,random-s40_d0.15,300,0,75,38622027,38.622027
ARPE,block_both,random-s40_d0.15,300,0,76,38540987,38.540987
ARPE,block_both,random-s40_d0.15,300,0,77,38617157,38.617157
ARPE,block_both,random-s40_d0.15,300,0,78,38957257,38.957257
ARPE,block_both,random-s40_d0.15,300,0,79,38905467,38.905467
ARPE,block_both,random-s40_d0.15,300,0,80,39071247,39.071247
ARPE,block_both,random-s40_d0.15,600,0,17,70465043,70.465043
ARPE,block_both,random-s40_d0.15,600,0,18,70744783,70.744783
ARPE,block_both,random-s40_d0.15,600,0,19,70529813,70.529813
ARPE,block_both,random-s40_d0.15,600,0,20,70541623,70.541623
ARPE,block_both,random-s40_d0.15,600,0,21,70649023,70.649023
ARPE,block_both,random-s40_d0.15,600,0,22,70770962,70.770962
ARPE,block_both,random-s40_d0.15,600,0,23,70557252,70.557252
ARPE,block_both,random-s40_d0.15,600,0,24,73932013,73.932013
ARPE,block_both,random-s40_d0.15,600,0,25,70730243,70.730243
ARPE,block_both,random-s40_d0.15,600,0,26,70645442,70.645442
ARPE,block_both,random-s40_d0.15,600,0,27,70633033,70.633033
ARPE,block_both,random-s40_d0.15,600,0,28,70805952,70.805952
ARPE,block_both,random-s40_d0.15,600,0,29,70825492,70.825492
ARPE,block_both,random-s40_d0.15,600,0,30,70843242,70.843242
ARPE,block_both,random-s40_d0.15,600,0,31,70736563,70.736563
ARPE,block_both,random-s40_d0.15,600,0,32,70917013,70.917013
ARPE,block_both,random-s40_d0.15,600,0,33,70487443,70.487443
ARPE,block_both,random-s40_d0.15,600,0,34,70763462,70.763462
ARPE,block_both,random-s40_d0.15,600,0,35,70542502,70.542502
ARPE,block_both,random-s40_d0.15,600,0,36,70736113,70.736113
ARPE,block_both,random-s40_d0.15,600,0,37,70633972,70.633972
ARPE,block_both,random-s40_d0.15,600,0,38,71049782,71.049782
ARPE,block_both,random-s40_d0.15,600,0,39,70980662,70.980662
ARPE,block_both,random-s40_d0.15,600,0,40,71084513,71.084513
ARPE,block_both,random-s40_d0.15,600,0,41,71069522,71.069522
ARPE,block_both,random-s40_d0.15,600,0,42,71439213,71.439213
ARPE,block_both,random-s40_d0.15,600,0,43,70906433,70.906433
ARPE,block_both,random-s40_d0.15,600,0,44,71177583,71.177583
ARPE,block_both,random-s40_d0.15,600,0,45,70967623,70.967623
ARPE,block_both,random-s40_d0.15,600,0,46,70764773,70.764773
ARPE,block_both,random-s40_d0.15,600,0,47,70672253,70.672253
ARPE,block_both,random-s40_d0.15,600,0,48,70760972,70.760972
ARPE,block_both,random-s40_d0.15,600,0,49,70995762,70.995762
ARPE,block_both,random-s40_d0.15,600,0,50,71206882,71.206882
ARPE,block_both,random-s40_d0.15,600,0,51,70793583,70.793583
ARPE,block_both,random-s40_d0.15,600,0,52,71224293,71.224293
ARPE,block_both,random-s40_d0.15,600,0,53,70987353,70.987353
ARPE,block_both,random-s40_d0.15,600,0,54,71213432,71.213432
ARPE,block_both,random-s40_d0.15,600,0,55,71305083,71.305083
ARPE,block_both,random-s40_d0.15,600,0,56,71154413,71.154413
ARPE,block_both,random-s40_d0.15,600,0,57,71179373,71.179373
ARPE,block_both,random-s40_d0.15,600,0,58,71213072,71.213072
ARPE,block_both,random-s40_d0.15,600,0,59,71221443,71.221443
ARPE,block_both,random-s40_d0.15,600,0,60,71460393,71.460393
ARPE,block_both,random-s40_d0.15,600,0,61,71268342,71.268342
ARPE,block_both,random-s40_d0.15,600,0,62,71513862,71.513862
ARPE,block_both,random-s40_d0.15,600,0,63,71199903,71.199903
ARPE,block_both,random-s40_d0.15,600,0,64,72454883,72.454883
ARPE,block_both,random-s40_d0.15,600,0,65,71626143,71.626143
ARPE,block_both,random-s40_d0.15,600,0,66,71166413,71.166413
ARPE,block_both,random-s40_d0.15,600,0,67,71235353,71.235353
ARPE,block_both,random-s40_d0.15,600,0,68,71458802,71.458802
ARPE,block_both,random-s40_d0.15,600,0,69,71456692,71.456692
ARPE,block_both,random-s40_d0.15,600,0,70,71529043,71.529043
ARPE,block_both,random-s40_d0.15,600,0,71,71325282,71.325282
ARPE,block_both,random-s40_d0.15,600,0,72,71439232,71.439232
ARPE,block_both,random-s40_d0.15,600,0,73,73484783,73.484783
ARPE,block_both,random-s40_d0.15,600,0,74,71575713,71.575713
ARPE,block_both,random-s40_d0.15,600,0,75,72035063,72.035063
ARPE,block_both,random-s40_d0.15,600,0,76,71781493,71.781493
ARPE,block_both,random-s40_d0.15,600,0,77,71515313,71.515313
ARPE,block_both,random-s40_d0.15,600,0,78,71985662,71.985662
ARPE,block_both,random-s40_d0.15,600,0,79,72014212,72.014212
ARPE,block_both,random-s40_d0.15,600,0,80,71637003,71.637003
ARPE,soft,random-s40_d0.15,100,0,17,16427693,16.427693
ARPE,soft,random-s40_d0.15,100,0,18,16332173,16.332173
ARPE,soft,random-s40_d0.15,100,0,19,16313003,16.313003
ARPE,soft,random-s40_d0.15,100,0,20,16392283,16.392283
ARPE,soft,random-s40_d0.15,100,0,21,16327423,16.327423
ARPE,soft,random-s40_d0.15,100,0,22,16468853,16.468853
ARPE,soft,random-s40_d0.15,100,0,23,16345903,16.345903
ARPE,soft,random-s40_d0.15,100,0,24,16371733,16.371733
ARPE,soft,random-s40_d0.15,100,0,25,16449063,16.449063
ARPE,soft,random-s40_d0.15,100,0,26,16558883,16.558883
ARPE,soft,random-s40_d0.15,100,0,27,16523823,16.523823
ARPE,soft,random-s40_d0.15,100,0,28,16670243,16.670243
ARPE,soft,random-s40_d0.15,100,0,29,16550673,16.550673
ARPE,soft,random-s40_d0.15,100,0,30,16608703,16.608703
ARPE,soft,random-s40_d0.15,100,0,31,16437763,16.437763
ARPE,soft,random-s40_d0.15,100,0,32,16766313,16.766313
ARPE,soft,random-s40_d0.15,100,0,33,16518053,16.518053
ARPE,soft,random-s40_d0.15,100,0,34,16643933,16.643933
ARPE,soft,random-s40_d0.15,100,0,35,16810073,16.810073
ARPE,soft,random-s40_d0.15,100,0,36,16713643,16.713643
ARPE,soft,random-s40_d0.15,100,0,37,16768433,16.768433
ARPE,soft,random-s40_d0.15,100,0,38,16722103,16.722103
ARPE,soft,random-s40_d0.15,100,0,39,16704762,16.704762
ARPE,soft,random-s40_d0.15,100,0,40,16728913,16.728913
ARPE,soft,random-s40_d0.15,100,0,41,16876983,16.876983
ARPE,soft,random-s40_d0.15,100,0,42,16744163,16.744163
ARPE,soft,random-s40_d0.15,100,0,43,16707673,16.707673
ARPE,soft,random-s40_d0.15,100,0,44,16877473,16.877473
ARPE,soft,random-s40_d0.15,100,0,45,16699243,16.699243
ARPE,soft,random-s40_d0.15,100,0,46,17149273,17.149273
ARPE,soft,random-s40_d0.15,100,0,47,16775153,16.775153
ARPE,soft,random-s40_d0.15,100,0,48,16685572,16.685572
ARPE,soft,random-s40_d0.15,100,0,49,16659573,16.659573
ARPE,soft,random-s40_d0.15,100,0,50,16684663,16.684663
ARPE,soft,random-s40_d0.15,100,0,51,16728763,16.728763
ARPE,soft,random-s40_d0.15,100,0,52,16757983,16.757983
ARPE,soft,random-s40_d0.15,100,0,53,16761263,16.761263
ARPE,soft,random-s40_d0.15,100,0,54,16729253,16.729253
ARPE,soft,random-s40_d0.15,100,0,55,16684783,16.684783
ARPE,soft,random-s40_d0.15,100,0,56,16742623,16.742623
ARPE,soft,random-s40_d0.15,100,0,57,16700103,16.700103
ARPE,soft,random-s40_d0.15,100,0,58,16668243,16.668243
ARPE,soft,random-s40_d0.15,100,0,59,16669923,16.669923
ARPE,soft,random-s40_d0.15,100,0,60,16603723,16.603723
ARPE,soft,random-s40_d0.15,100,0,61,16683963,16.683963
ARPE,soft,random-s40_d0.15,100,0,62,16799863,16.799863
ARPE,soft,random-s40_d0.15,100,0,63,16745723,16.745723
ARPE,soft,random-s40_d0.15,100,0,64,16740153,16.740153
ARPE,soft,random-s40_d0.15,100,0,65,16857843,16.857843
ARPE,soft,random-s40_d0.15,100,0,66,16790343,16.790343
ARPE,soft,random-s40_d0.15,100,0,67,16700223,16.700223
ARPE,soft,random-s40_d0.15,100,0,68,16714653,16.714653
ARPE,soft,random-s40_d0.15,100,0,69,16860033,16.860033
ARPE,soft,random-s40_d0.15,100,0,70,16821063,16.821063
ARPE,soft,random-s40_d0.15,100,0,71,16760453,16.760453
ARPE,soft,random-s40_d0.15,100,0,72,16828553,16.828553
ARPE,soft,random-s40_d0.15,100,0,73,16783173,16.783173
ARPE,soft,random-s40_d0.15,100,0,74,16830763,16.830763
ARPE,soft,random-s40_d0.15,100,0,75,16785682,16.785682
ARPE,soft,random-s40_d0.15,100,0,76,16815033,16.815033
ARPE,soft,random-s40_d0.15,100,0,77,16757723,16.757723
ARPE,soft,random-s40_d0.15,100,0,78,16817313,16.817313
ARPE,soft,random-s40_d0.15,100,0,79,16766363,16.766363
ARPE,soft,random-s40_d0.15,100,0,80,16808783,16.808783
ARPE,soft,random-s40_d0.15,300,0,17,37772196,37.772196
ARPE,soft,random-s40_d0.15,300,0,18,38142637,38.142637
ARPE,soft,random-s40_d0.15,300,0,19,37892996,37.892996
ARPE,soft,random-s40_d0.15,300,0,20,37993587,37.993587
ARPE,soft,random-s40_d0.15,300,0,21,38018387,38.018387
ARPE,soft,random-s40_d0.15,300,0,22,38045946,38.045946
ARPE,soft,random-s40_d0.15,300,0,23,37969797,37.969797
ARPE,soft,random-s40_d0.15,300,0,24,37964307,37.964307
ARPE,soft,random-s40_d0.15,300,0,25,38020147,38.020147
ARPE,soft,random-s40_d0.15,300,0,26,40624027,40.624027
ARPE,soft,random-s40_d0.15,300,0,27,38345027,38.345027
ARPE,soft,random-s40_d0.15,300,0,28,38345587,38.345587
ARPE,soft,random-s40_d0.15,300,0,29,38137037,38.137037
ARPE,soft,random-s40_d0.15,300,0,30,38164467,38.164467
ARPE,soft,random-s40_d0.15,300,0,31,38043247,38.043247
ARPE,soft,random-s40_d0.15,300,0,32,38264587,38.264587
ARPE,soft,random-s40_d0.15,300,0,33,38409957,38.409957
ARPE,soft,random-s40_d0.15,300,0,34,38182436,38.182436
ARPE,soft,random-s40_d0.15,300,0,35,38093967,38.093967
ARPE,soft,random-s40_d0.15,300,0,36,38366777,38.366777
ARPE,soft,random-s40_d0.15,300,0,37,38471807,38.471807
ARPE,soft,random-s40_d0.15,300,0,38,38429317,38.429317
ARPE,soft,random-s40_d0.15,300,0,39,38580417,38.580417
ARPE,soft,random-s40_d0.15,300,0,40,38556907,38.556907
ARPE,soft,random-s40_d0.15,300,0,41,38518127,38.518127
ARPE,soft,random-s40_d0.15,300,0,42,38589297,38.589297
ARPE,soft,random-s40_d0.15,300,0,43,38582277,38.582277
ARPE,soft,random-s40_d0.15,300,0,44,38703797,38.703797
ARPE,soft,random-s40_d0.15,300,0,45,38882397,38.882397
ARPE,soft,random-s40_d0.15,300,0,46,38812227,38.812227
ARPE,soft,random-s40_d0.15,300,0,47,38868557,38.868557
ARPE,soft,random-s40_d0.15,300,0,48,38872607,38.872607
ARPE,soft,random-s40_d0.15,300,0,49,38811077,38.811077
ARPE,soft,random-s40_d0.15,300,0,50,38869307,38.869307
ARPE,soft,random-s40_d0.15,300,0,51,38485597,38.485597
ARPE,soft,random-s40_d0.15,300,0,52,38910517,38.910517
ARPE,soft,random-s40_d0.15,300,0,53,38625957,38.625957
ARPE,soft,random-s40_d0.15,300,0,54,39004956,39.004956
ARPE,soft,random-s40_d0.15,300,0,55,38709637,38.709637
ARPE,soft,random-s40_d0.15,300,0,56,38963777,38.963777
ARPE,soft,random-s40_d0.15,300,0,57,39012747,39.012747
ARPE,soft,random-s40_d0.15,300,0,58,38947967,38.947967
ARPE,soft,random-s40_d0.15,300,0,59,38787577,38.787577
ARPE,soft,random-s40_d0.15,300,0,60,38913427,38.913427
ARPE,soft,random-s40_d0.15,300,0,61,38706247,38.706247
ARPE,soft,random-s40_d0.15,300,0,62,38844216,38.844216
ARPE,soft,random-s40_d0.15,300,0,63,38760387,38.760387
ARPE,soft,random-s40_d0.15,300,0,64,39079117,39.079117
ARPE,soft,random-s40_d0.15,300,0,65,39037757,39.037757
ARPE,soft,random-s40_d0.15,300,0,66,38954667,38.954667
ARPE,soft,random-s40_d0.15,300,0,67,38577567,38.577567
ARPE,soft,random-s40_d0.15,300,0,68,38989217,38.989217
ARPE,soft,random-s40_d0.15,300,0,69,39218867,39.218867
ARPE,soft,random-s40_d0.15,300,0,70,39176407,39.176407
ARPE,soft,random-s40_d0.15,300,0,71,39006467,39.006467
ARPE,soft,random-s40_d0.15,300,0,72,39266167,39.266167
ARPE,soft,random-s40_d0.15,300,0,73,39088907,39.088907
ARPE,soft,random-s40_d0.15,300,0,74,39321617,39.321617
ARPE,soft,random-s40_d0.15,300,0,75,39089457,39.089457
ARPE,soft,random-s40_d0.15,300,0,76,40833668,40.833668
ARPE,soft,random-s40_d0.15,300,0,77,38975227,38.975227
ARPE,soft,random-s40_d0.15,300,0,78,39043437,39.043437
ARPE,soft,random-s40_d0.15,300,0,79,39304257,39.304257
ARPE,soft,random-s40_d0.15,300,0,80,39295857,39.295857
ARPE,soft,random-s40_d0.15,600,0,17,70436874,70.436874
ARPE,soft,random-s40_d0.15,600,0,18,70806445,70.806445
ARPE,soft,random-s40_d0.15,600,0,19,70742804,70.742804
ARPE,soft,random-s40_d0.15,600,0,20,71109725,71.109725
ARPE,soft,random-s40_d0.15,600,0,21,70773225,70.773225
ARPE,soft,random-s40_d0.15,600,0,22,70480714,70.480714
ARPE,soft,random-s40_d0.15,600,0,23,70762164,70.762164
ARPE,soft,random-s40_d0.15,600,0,24,70886235,70.886235
ARPE,soft,random-s40_d0.15,600,0,25,70667135,70.667135
ARPE,soft,random-s40_d0.15,600,0,26,70934404,70.934404
ARPE,soft,random-s40_d0.15,600,0,27,70797205,70.797205
ARPE,soft,random-s40_d0.15,600,0,28,70886724,70.886724
ARPE,soft,random-s40_d0.15,600,0,29,70988124,70.988124
ARPE,soft,random-s40_d0.15,600,0,30,72953794,72.953794
ARPE,soft,random-s40_d0.15,600,0,31,71078445,71.078445
ARPE,soft,random-s40_d0.15,600,0,32,71078434,71.078434
ARPE,soft,random-s40_d0.15,600,0,33,71291054,71.291054
ARPE,soft,random-s40_d0.15,600,0,34,71195245,71.195245
ARPE,soft,random-s40_d0.15,600,0,35,71022145,71.022145
ARPE,soft,random-s40_d0.15,600,0,36,71320334,71.320334
ARPE,soft,random-s40_d0.15,600,0,37,71516075,71.516075
ARPE,soft,random-s40_d0.15,600,0,38,71374154,71.374154
ARPE,soft,random-s40_d0.15,600,0,39,71501905,71.501905
ARPE,soft,random-s40_d0.15,600,0,40,71016705,71.016705
ARPE,soft,random-s40_d0.15,600,0,41,71275585,71.275585
ARPE,soft,random-s40_d0.15,600,0,42,71086965,71.086965
ARPE,soft,random-s40_d0.15,600,0,43,71305044,71.305044
ARPE,soft,random-s40_d0.15,600,0,44,71183724,71.183724
ARPE,soft,random-s40_d0.15,600,0,45,71417805,71.417805
ARPE,soft,random-s40_d0.15,600,0,46,71545295,71.545295
ARPE,soft,random-s40_d0.15,600,0,47,71672685,71.672685
ARPE,soft,random-s40_d0.15,600,0,48,74050145,74.050145
ARPE,soft,random-s40_d0.15,600,0,49,71725365,71.725365
ARPE,soft,random-s40_d0.15,600,0,50,71798795,71.798795
ARPE,soft,random-s40_d0.15,600,0,51,71589724,71.589724
ARPE,soft,random-s40_d0.15,600,0,52,71844084,71.844084
ARPE,soft,random-s40_d0.15,600,0,53,71800584,71.800584
ARPE,soft,random-s40_d0.15,600,0,54,72443755,72.443755
ARPE,soft,random-s40_d0.15,600,0,55,71684035,71.684035
ARPE,soft,random-s40_d0.15,600,0,56,71852445,71.852445
ARPE,soft,random-s40_d0.15,600,0,57,71808294,71.808294
ARPE,soft,random-s40_d0.15,600,0,58,72194345,72.194345
ARPE,soft,random-s40_d0.15,600,0,59,72073025,72.073025
ARPE,soft,random-s40_d0.15,600,0,60,72044144,72.044144
ARPE,soft,random-s40_d0.15,600,0,61,78478526,78.478526
ARPE,soft,random-s40_d0.15,600,0,62,72385145,72.385145
ARPE,soft,random-s40_d0.15,600,0,63,72555495,72.555495
ARPE,soft,random-s40_d0.15,600,0,64,72478314,72.478314
ARPE,soft,random-s40_d0.15,600,0,65,72293315,72.293315
ARPE,soft,random-s40_d0.15,600,0,66,72790825,72.790825
ARPE,soft,random-s40_d0.15,600,0,67,72133695,72.133695
ARPE,soft,random-s40_d0.15,600,0,68,72353615,72.353615
ARPE,soft,random-s40_d0.15,600,0,69,72830755,72.830755
ARPE,soft,random-s40_d0.15,600,0,70,72407775,72.407775
ARPE,soft,random-s40_d0.15,600,0,71,72331425,72.331425
ARPE,soft,random-s40_d0.15,600,0,72,72335735,72.335735
ARPE,soft,random-s40_d0.15,600,0,73,72360715,72.360715
ARPE,soft,random-s40_d0.15,600,0,74,72594915,72.594915
ARPE,soft,random-s40_d0.15,600,0,75,72389964,72.389964
ARPE,soft,random-s40_d0.15,600,0,76,72594964,72.594964
ARPE,soft,random-s40_d0.15,600,0,77,72425245,72.425245
ARPE,soft,random-s40_d0.15,600,0,78,72996155,72.996155
ARPE,soft,random-s40_d0.15,600,0,79,72761424,72.761424
ARPE,soft,random-s40_d0.15,600,0,80,72994495,72.994495
CHS,block_both,random-s40_d0.15,100,0,17,19177804,19.177804
CHS,block_both,random-s40_d0.15,100,0,18,31141896,31.141896
CHS,block_both,random-s40_d0.15,100,0,19,21374804,21.374804
CHS,block_both,random-s40_d0.15,100,0,20,21868414,21.868414
CHS,block_both,random-s40_d0.15,100,0,21,13134652,13.134652
CHS,block_both,random-s40_d0.15,100,0,22,16703903,16.703903
CHS,block_both,random-s40_d0.15,100,0,23,10649322,10.649322
CHS,block_both,random-s40_d0.15,100,0,24,10935852,10.935852
CHS,block_both,random-s40_d0.15,100,0,25,49412590,49.41259
CHS,block_both,random-s40_d0.15,100,0,26,14997713,14.997713
CHS,block_both,random-s40_d0.15,100,0,27,36529888,36.529888
CHS,block_both,random-s40_d0.15,100,0,28,17985774,17.985774
CHS,block_both,random-s40_d0.15,100,0,29,25915925,25.915925
CHS,block_both,random-s40_d0.15,100,0,30,18499934,18.499934
CHS,block_both,random-s40_d0.15,100,0,31,11568792,11.568792
CHS,block_both,random-s40_d0.15,100,0,32,10488792,10.488792
CHS,block_both,random-s40_d0.15,100,0,33,97610310,97.61031
CHS,block_both,random-s40_d0.15,100,0,34,32447487,32.447487
CHS,block_both,random-s40_d0.15,100,0,35,19140074,19.140074
CHS,block_both,random-s40_d0.15,100,0,36,12494493,12.494493
CHS,block_both,random-s40_d0.15,100,0,37,37408878,37.408878
CHS,block_both,random-s40_d0.15,100,0,38,19456684,19.456684
CHS,block_both,random-s40_d0.15,100,0,39,22241444,22.241444
CHS,block_both,random-s40_d0.15,100,0,40,14917503,14.917503
CHS,block_both,random-s40_d0.15,100,0,41,17571584,17.571584
CHS,block_both,random-s40_d0.15,100,0,42,13070503,13.070503
CHS,block_both,random-s40_d0.15,100,0,43,27231046,27.231046
CHS,block_both,random-s40_d0.15,100,0,44,50277310,50.27731
CHS,block_both,random-s40_d0.15,100,0,45,44023009,44.023009
CHS,block_both,random-s40_d0.15,100,0,46,25966125,25.966125
CHS,block_both,random-s40_d0.15,100,0,47,13873853,13.873853
CHS,block_both,random-s40_d0.15,100,0,48,19074974,19.074974
CHS,block_both,random-s40_d0.15,100,0,49,43135679,43.135679
CHS,block_both,random-s40_d0.15,100,0,50,31610786,31.610786
CHS,block_both,random-s40_d0.15,100,0,51,50494120,50.49412
CHS,block_both,random-s40_d0.15,100,0,52,9975462,9.975462
CHS,block_both,random-s40_d0.15,100,0,53,23561485,23.561485
CHS,block_both,random-s40_d0.15,100,0,54,11231882,11.231882
CHS,block_both,random-s40_d0.15,100,0,55,14365873,14.365873
CHS,block_both,random-s40_d0.15,100,0,56,12948653,12.948653
CHS,block_both,random-s40_d0.15,100,0,57,12750883,12.750883
CHS,block_both,random-s40_d0.15,100,0,58,10223453,10.223453
CHS,block_both,random-s40_d0.15,100,0,59,11323132,11.323132
CHS,block_both,random-s40_d0.15,100,0,60,32071787,32.071787
CHS,block_both,random-s40_d0.15,100,0,61,25313176,25.313176
CHS,block_both,random-s40_d0.15,100,0,62,41803269,41.803269
CHS,block_both,random-s40_d0.15,100,0,63,36382288,36.382288
CHS,block_both,random-s40_d0.15,100,0,64,76089336,76.089336
CHS,block_both,random-s40_d0.15,100,0,65,28854225,28.854225
CHS,block_both,random-s40_d0.15,100,0,66,125166535,125.166535
CHS,block_both,random-s40_d0.15,100,0,67,13548413,13.548413
CHS,block_both,random-s40_d0.15,100,0,68,12252232,12.252232
CHS,block_both,random-s40_d0.15,100,0,69,11729522,11.729522
CHS,block_both,random-s40_d0.15,100,0,70,10165192,10.165192
CHS,block_both,random-s40_d0.15,100,0,71,32224047,32.224047
CHS,block_both,random-s40_d0.15,100,0,72,11086533,11.086533
CHS,block_both,random-s40_d0.15,100,0,73,44039238,44.039238
CHS,block_both,random-s40_d0.15,100,0,74,21272274,21.272274
CHS,block_both,random-s40_d0.15,100,0,75,40970559,40.970559
CHS,block_both,random-s40_d0.15,100,0,76,52890921,52.890921
CHS,block_both,random-s40_d0.15,100,0,77,36342747,36.342747
CHS,block_both,random-s40_d0.15,100,0,78,23399245,23.399245
CHS,block_both,random-s40_d0.15,100,0,79,47713580,47.71358
CHS,block_both,random-s40_d0.15,100,0,80,61565913,61.565913
CHS,block_both,random-s40_d0.15,300,0,17,21848964,21.848964
CHS,block_both,random-s40_d0.15,300,0,18,49240040,49.24004
CHS,block_both,random-s40_d0.15,300,0,19,22420754,22.420754
CHS,block_both,random-s40_d0.15,300,0,20,33806666,33.806666
CHS,block_both,random-s40_d0.15,300,0,21,73130985,73.130985
CHS,block_both,random-s40_d0.15,300,0,22,27479986,27.479986
CHS,block_both,random-s40_d0.15,300,0,23,28460476,28.460476
CHS,block_both,random-s40_d0.15,300,0,24,25519105,25.519105
CHS,block_both,random-s40_d0.15,300,0,25,56427401,56.427401
CHS,block_both,random-s40_d0.15,300,0,26,30834416,30.834416
CHS,block_both,random-s40_d0.15,300,0,27,40705528,40.705528
CHS,block_both,random-s40_d0.15,300,0,28,21646814,21.646814
CHS,block_both,random-s40_d0.15,300,0,29,22123014,22.123014
CHS,block_both,random-s40_d0.15,300,0,30,24145145,24.145145
CHS,block_both,random-s40_d0.15,300,0,31,37520108,37.520108
CHS,block_both,random-s40_d0.15,300,0,32,26712026,26.712026
CHS,block_both,random-s40_d0.15,300,0,33,54614641,54.614641
CHS,block_both,random-s40_d0.15,300,0,34,24977195,24.977195
CHS,block_both,random-s40_d0.15,300,0,35,108360042,108.360042
CHS,block_both,random-s40_d0.15,300,0,36,22380674,22.380674
CHS,block_both,random-s40_d0.15,300,0,37,24812705,24.812705
CHS,block_both,random-s40_d0.15,300,0,38,34535047,34.535047
CHS,block_both,random-s40_d0.15,300,0,39,21907045,21.907045
CHS,block_both,random-s40_d0.15,300,0,40,26125445,26.125445
CHS,block_both,random-s40_d0.15,300,0,41,26596415,26.596415
CHS,block_both,random-s40_d0.15,300,0,42,33539717,33.539717
CHS,block_both,random-s40_d0.15,300,0,43,34693056,34.693056
CHS,block_both,random-s40_d0.15,300,0,44,73698985,73.698985
CHS,block_both,random-s40_d0.15,300,0,45,60733003,60.733003
CHS,block_both,random-s40_d0.15,300,0,46,68278964,68.278964
CHS,block_both,random-s40_d0.15,300,0,47,34930497,34.930497
CHS,block_both,random-s40_d0.15,300,0,48,33403786,33.403786
CHS,block_both,random-s40_d0.15,300,0,49,82892126,82.892126
CHS,block_both,random-s40_d0.15,300,0,50,68815374,68.815374
CHS,block_both,random-s40_d0.15,300,0,51,43587989,43.587989
CHS,block_both,random-s40_d0.15,300,0,52,40015378,40.015378
CHS,block_both,random-s40_d0.15,300,0,53,73012314,73.012314
CHS,block_both,random-s40_d0.15,300,0,54,60947932,60.947932
CHS,block_both,random-s40_d0.15,300,0,55,35538447,35.538447
CHS,block_both,random-s40_d0.15,300,0,56,32315326,32.315326
CHS,block_both,random-s40_d0.15,300,0,57,36362328,36.362328
CHS,block_both,random-s40_d0.15,300,0,58,45885120,45.88512
CHS,block_both,random-s40_d0.15,300,0,59,69006874,69.006874
CHS,block_both,random-s40_d0.15,300,0,60,30418547,30.418547
CHS,block_both,random-s40_d0.15,300,0,61,98391380,98.39138
CHS,block_both,random-s40_d0.15,300,0,62,35968707,35.968707
CHS,block_both,random-s40_d0.15,300,0,63,23896245,23.896245
CHS,block_both,random-s40_d0.15,300,0,64,93995579,93.995579
CHS,block_both,random-s40_d0.15,300,0,65,23828734,23.828734
CHS,block_both,random-s40_d0.15,300,0,66,39763968,39.763968
CHS,block_both,random-s40_d0.15,300,0,67,43774089,43.774089
CHS,block_both,random-s40_d0.15,300,0,68,51190750,51.19075
CHS,block_both,random-s40_d0.15,300,0,69,35728847,35.728847
CHS,block_both,random-s40_d0.15,300,0,70,23740725,23.740725
CHS,block_both,random-s40_d0.15,300,0,71,56873221,56.873221
CHS,block_both,random-s40_d0.15,300,0,72,40178249,40.178249
CHS,block_both,random-s40_d0.15,300,0,73,36080247,36.080247
CHS,block_both,random-s40_d0.15,300,0,74,67276664,67.276664
CHS,block_both,random-s40_d0.15,300,0,75,66201313,66.201313
CHS,block_both,random-s40_d0.15,300,0,76,33750607,33.750607
CHS,block_both,random-s40_d0.15,300,0,77,77487996,77.487996
CHS,block_both,random-s40_d0.15,300,0,78,32028727,32.028727
CHS,block_both,random-s40_d0.15,300,0,79,67291873,67.291873
CHS,block_both,random-s40_d0.15,300,0,80,50785400,50.7854
CHS,block_both,random-s40_d0.15,600,0,17,40946698,40.946698
CHS,block_both,random-s40_d0.15,600,0,18,41131958,41.131958
CHS,block_both,random-s40_d0.15,600,0,19,52644151,52.644151
CHS,block_both,random-s40_d0.15,600,0,20,65789943,65.789943
CHS,block_both,random-s40_d0.15,600,0,21,40801638,40.801638
CHS,block_both,random-s40_d0.15,600,0,22,40793978,40.793978
CHS,block_both,random-s40_d0.15,600,0,23,55222922,55.222922
CHS,block_both,random-s40_d0.15,600,0,24,40792609,40.792609
CHS,block_both,random-s40_d0.15,600,0,25,47928819,47.928819
CHS,block_both,random-s40_d0.15,600,0,26,40894288,40.894288
CHS,block_both,random-s40_d0.15,600,0,27,42150128,42.150128
CHS,block_both,random-s40_d0.15,600,0,28,41162259,41.162259
CHS,block_both,random-s40_d0.15,600,0,29,50489631,50.489631
CHS,block_both,random-s40_d0.15,600,0,30,66949363,66.949363
CHS,block_both,random-s40_d0.15,600,0,31,42482139,42.482139
CHS,block_both,random-s40_d0.15,600,0,32,42457798,42.457798
CHS,block_both,random-s40_d0.15,600,0,33,44461869,44.461869
CHS,block_both,random-s40_d0.15,600,0,34,66669804,66.669804
CHS,block_both,random-s40_d0.15,600,0,35,47694050,47.69405
CHS,block_both,random-s40_d0.15,600,0,36,47788329,47.788329
CHS,block_both,random-s40_d0.15,600,0,37,80990427,80.990427
CHS,block_both,random-s40_d0.15,600,0,38,82500536,82.500536
CHS,block_both,random-s40_d0.15,600,0,39,55324271,55.324271
CHS,block_both,random-s40_d0.15,600,0,40,42924979,42.924979
CHS,block_both,random-s40_d0.15,600,0,41,52540250,52.54025
CHS,block_both,random-s40_d0.15,600,0,42,53789221,53.789221
CHS,block_both,random-s40_d0.15,600,0,43,92629119,92.629119
CHS,block_both,random-s40_d0.15,600,0,44,45804109,45.804109
CHS,block_both,random-s40_d0.15,600,0,45,51825220,51.82522
CHS,block_both,random-s40_d0.15,600,0,46,103963431,103.963431
CHS,block_both,random-s40_d0.15,600,0,47,57652302,57.652302
CHS,block_both,random-s40_d0.15,600,0,48,41833998,41.833998
CHS,block_both,random-s40_d0.15,600,0,49,51403770,51.40377
CHS,block_both,random-s40_d0.15,600,0,50,53310180,53.31018
CHS,block_both,random-s40_d0.15,600,0,51,66965693,66.965693
CHS,block_both,random-s40_d0.15,600,0,52,52956520,52.95652
CHS,block_both,random-s40_d0.15,600,0,53,41809719,41.809719
CHS,block_both,random-s40_d0.15,600,0,54,44842179,44.842179
CHS,block_both,random-s40_d0.15,600,0,55,48557620,48.55762
CHS,block_both,random-s40_d0.15,600,0,56,50019120,50.01912
CHS,block_both,random-s40_d0.15,600,0,57,60000442,60.000442
CHS,block_both,random-s40_d0.15,600,0,58,68103204,68.103204
CHS,block_both,random-s40_d0.15,600,0,59,65239583,65.239583
CHS,block_both,random-s40_d0.15,600,0,60,44249579,44.249579
CHS,block_both,random-s40_d0.15,600,0,61,43218709,43.218709
CHS,block_both,random-s40_d0.15,600,0,62,50679290,50.67929
CHS,block_both,random-s40_d0.15,600,0,63,75963555,75.963555
CHS,block_both,random-s40_d0.15,600,0,64,46759279,46.759279
CHS,block_both,random-s40_d0.15,600,0,65,51636920,51.63692
CHS,block_both,random-s40_d0.15,600,0,66,49386430,49.38643
CHS,block_both,random-s40_d0.15,600,0,67,106133072,106.133072
CHS,block_both,random-s40_d0.15,600,0,68,57113961,57.113961
CHS,block_both,random-s40_d0.15,600,0,69,88122708,88.122708
CHS,block_both,random-s40_d0.15,600,0,70,43457209,43.457209
CHS,block_both,random-s40_d0.15,600,0,71,77310476,77.310476
CHS,block_both,random-s40_d0.15,600,0,72,42265748,42.265748
CHS,block_both,random-s40_d0.15,600,0,73,43521009,43.521009
CHS,block_both,random-s40_d0.15,600,0,74,70042394,70.042394
CHS,block_both,random-s40_d0.15,600,0,75,49971120,49.97112
CHS,block_both,random-s40_d0.15,600,0,76,47283050,47.28305
CHS,block_both,random-s40_d0.15,600,0,77,44860339,44.860339
CHS,block_both,random-s40_d0.15,600,0,78,71876994,71.876994
CHS,block_both,random-s40_d0.15,600,0,79,51355071,51.355071
CHS,block_both,random-s40_d0.15,600,0,80,42912789,42.912789
CHS,soft,random-s40_d0.15,100,0,17,22259654,22.259654
CHS,soft,random-s40_d0.15,100,0,18,25664015,25.664015
CHS,soft,random-s40_d0.15,100,0,19,13520852,13.520852
CHS,soft,random-s40_d0.15,100,0,20,9582822,9.582822
CHS,soft,random-s40_d0.15,100,0,21,13356413,13.356413
CHS,soft,random-s40_d0.15,100,0,22,15895993,15.895993
CHS,soft,random-s40_d0.15,100,0,23,9216592,9.216592
CHS,soft,random-s40_d0.15,100,0,24,24448215,24.448215
CHS,soft,random-s40_d0.15,100,0,25,54213011,54.213011
CHS,soft,random-s40_d0.15,100,0,26,17866714,17.866714
CHS,soft,random-s40_d0.15,100,0,27,20132694,20.132694
CHS,soft,random-s40_d0.15,100,0,28,43261299,43.261299
CHS,soft,random-s40_d0.15,100,0,29,14666143,14.666143
CHS,soft,random-s40_d0.15,100,0,30,16258613,16.258613
CHS,soft,random-s40_d0.15,100,0,31,23010755,23.010755
CHS,soft,random-s40_d0.15,100,0,32,61899283,61.899283
CHS,soft,random-s40_d0.15,100,0,33,67107563,67.107563
CHS,soft,random-s40_d0.15,100,0,34,12687673,12.687673
CHS,soft,random-s40_d0.15,100,0,35,21942134,21.942134
CHS,soft,random-s40_d0.15,100,0,36,9305872,9.305872
CHS,soft,random-s40_d0.15,100,0,37,37405877,37.405877
CHS,soft,random-s40_d0.15,100,0,38,42209478,42.209478
CHS,soft,random-s40_d0.15,100,0,39,15457584,15.457584
CHS,soft,random-s40_d0.15,100,0,40,25869545,25.869545
CHS,soft,random-s40_d0.15,100,0,41,12902482,12.902482
CHS,soft,random-s40_d0.15,100,0,42,25042575,25.042575
CHS,soft,random-s40_d0.15,100,0,43,27434106,27.434106
CHS,soft,random-s40_d0.15,100,0,44,53507831,53.507831
CHS,soft,random-s40_d0.15,100,0,45,70580184,70.580184
CHS,soft,random-s40_d0.15,100,0,46,80243986,80.243986
CHS,soft,random-s40_d0.15,100,0,47,17921154,17.921154
CHS,soft,random-s40_d0.15,100,0,48,87307257,87.307257
CHS,soft,random-s40_d0.15,100,0,49,10951903,10.951903
CHS,soft,random-s40_d0.15,100,0,50,10028122,10.028122
CHS,soft,random-s40_d0.15,100,0,51,24422275,24.422275
CHS,soft,random-s40_d0.15,100,0,52,37231057,37.231057
CHS,soft,random-s40_d0.15,100,0,53,22309545,22.309545
CHS,soft,random-s40_d0.15,100,0,54,30605036,30.605036
CHS,soft,random-s40_d0.15,100,0,55,27631816,27.631816
CHS,soft,random-s40_d0.15,100,0,56,32665457,32.665457
CHS,soft,random-s40_d0.15,100,0,57,41799669,41.799669
CHS,soft,random-s40_d0.15,100,0,58,11331702,11.331702
CHS,soft,random-s40_d0.15,100,0,59,19745214,19.745214
CHS,soft,random-s40_d0.15,100,0,60,28662606,28.662606
CHS,soft,random-s40_d0.15,100,0,61,12237192,12.237192
CHS,soft,random-s40_d0.15,100,0,62,11322562,11.322562
CHS,soft,random-s40_d0.15,100,0,63,37670677,37.670677
CHS,soft,random-s40_d0.15,100,0,64,39322318,39.322318
CHS,soft,random-s40_d0.15,100,0,65,13498843,13.498843
CHS,soft,random-s40_d0.15,100,0,66,43671228,43.671228
CHS,soft,random-s40_d0.15,100,0,67,16821293,16.821293
CHS,soft,random-s40_d0.15,100,0,68,17313344,17.313344
CHS,soft,random-s40_d0.15,100,0,69,29589236,29.589236
CHS,soft,random-s40_d0.15,100,0,70,34431717,34.431717
CHS,soft,random-s40_d0.15,100,0,71,18548993,18.548993
CHS,soft,random-s40_d0.15,100,0,72,87386328,87.386328
CHS,soft,random-s40_d0.15,100,0,73,32366516,32.366516
CHS,soft,random-s40_d0.15,100,0,74,10252162,10.252162
CHS,soft,random-s40_d0.15,100,0,75,71167845,71.167845
CHS,soft,random-s40_d0.15,100,0,76,57437792,57.437792
CHS,soft,random-s40_d0.15,100,0,77,25824905,25.824905
CHS,soft,random-s40_d0.15,100,0,78,17721283,17.721283
CHS,soft,random-s40_d0.15,100,0,79,38606067,38.606067
CHS,soft,random-s40_d0.15,100,0,80,27042426,27.042426
CHS,soft,random-s40_d0.15,300,0,17,22017864,22.017864
CHS,soft,random-s40_d0.15,300,0,18,63373983,63.373983
CHS,soft,random-s40_d0.15,300,0,19,29648755,29.648755
CHS,soft,random-s40_d0.15,300,0,20,23486824,23.486824
CHS,soft,random-s40_d0.15,300,0,21,43404359,43.404359
CHS,soft,random-s40_d0.15,300,0,22,59829582,59.829582
CHS,soft,random-s40_d0.15,300,0,23,34811157,34.811157
CHS,soft,random-s40_d0.15,300,0,24,38276108,38.276108
CHS,soft,random-s40_d0.15,300,0,25,22786874,22.786874
CHS,soft,random-s40_d0.15,300,0,26,50769720,50.76972
CHS,soft,random-s40_d0.15,300,0,27,31393857,31.393857
CHS,soft,random-s40_d0.15,300,0,28,25584525,25.584525
CHS,soft,random-s40_d0.15,300,0,29,28047306,28.047306
CHS,soft,random-s40_d0.15,300,0,30,27277566,27.277566
CHS,soft,random-s40_d0.15,300,0,31,77470866,77.470866
CHS,soft,random-s40_d0.15,300,0,32,26672685,26.672685
CHS,soft,random-s40_d0.15,300,0,33,46861089,46.861089
CHS,soft,random-s40_d0.15,300,0,34,63718993,63.718993
CHS,soft,random-s40_d0.15,300,0,35,64573743,64.573743
CHS,soft,random-s40_d0.15,300,0,36,35017327,35.017327
CHS,soft,random-s40_d0.15,300,0,37,87917668,87.917668
CHS,soft,random-s40_d0.15,300,0,38,25036435,25.036435
CHS,soft,random-s40_d0.15,300,0,39,48152120,48.15212
CHS,soft,random-s40_d0.15,300,0,40,76535035,76.535035
CHS,soft,random-s40_d0.15,300,0,41,34913097,34.913097
CHS,soft,random-s40_d0.15,300,0,42,112583002,112.583002
CHS,soft,random-s40_d0.15,300,0,43,27852705,27.852705
CHS,soft,random-s40_d0.15,300,0,44,68971104,68.971104
CHS,soft,random-s40_d0.15,300,0,45,29888086,29.888086
CHS,soft,random-s40_d0.15,300,0,46,23185814,23.185814
CHS,soft,random-s40_d0.15,300,0,47,53328041,53.328041
CHS,soft,random-s40_d0.15,300,0,48,48547620,48.54762
CHS,soft,random-s40_d0.15,300,0,49,24512615,24.512615
CHS,soft,random-s40_d0.15,300,0,50,35081827,35.081827
CHS,soft,random-s40_d0.15,300,0,51,96246390,96.24639
CHS,soft,random-s40_d0.15,300,0,52,36661838,36.661838
CHS,soft,random-s40_d0.15,300,0,53,63798563,63.798563
CHS,soft,random-s40_d0.15,300,0,54,114155563,114.155563
CHS,soft,random-s40_d0.15,300,0,55,24908565,24.908565
CHS,soft,random-s40_d0.15,300,0,56,62157512,62.157512
CHS,soft,random-s40_d0.15,300,0,57,23153344,23.153344
CHS,soft,random-s40_d0.15,300,0,58,37886167,37.886167
CHS,soft,random-s40_d0.15,300,0,59,76498135,76.498135
CHS,soft,random-s40_d0.15,300,0,60,88413407,88.413407
CHS,soft,random-s40_d0.15,300,0,61,25478725,25.478725
CHS,soft,random-s40_d0.15,300,0,62,27330225,27.330225
CHS,soft,random-s40_d0.15,300,0,63,32499806,32.499806
CHS,soft,random-s40_d0.15,300,0,64,28416915,28.416915
CHS,soft,random-s40_d0.15,300,0,65,43493099,43.493099
CHS,soft,random-s40_d0.15,300,0,66,76728956,76.728956
CHS,soft,random-s40_d0.15,300,0,67,74210005,74.210005
CHS,soft,random-s40_d0.15,300,0,68,22866134,22.866134
CHS,soft,random-s40_d0.15,300,0,69,23631925,23.631925
CHS,soft,random-s40_d0.15,300,0,70,77037315,77.037315
CHS,soft,random-s40_d0.15,300,0,71,111516613,111.516613
CHS,soft,random-s40_d0.15,300,0,72,65794833,65.794833
CHS,soft,random-s40_d0.15,300,0,73,38715908,38.715908
CHS,soft,random-s40_d0.15,300,0,74,74707275,74.707275
CHS,soft,random-s40_d0.15,300,0,75,94627879,94.627879
CHS,soft,random-s40_d0.15,300,0,76,105776362,105.776362
CHS,soft,random-s40_d0.15,300,0,77,27864115,27.864115
CHS,soft,random-s40_d0.15,300,0,78,62858843,62.858843
CHS,soft,random-s40_d0.15,300,0,79,25338025,25.338025
CHS,soft,random-s40_d0.15,300,0,80,54819232,54.819232
CHS,soft,random-s40_d0.15,600,0,17,49752510,49.75251
CHS,soft,random-s40_d0.15,600,0,18,66387143,66.387143
CHS,soft,random-s40_d0.15,600,0,19,52540251,52.540251
CHS,soft,random-s40_d0.15,600,0,20,52199620,52.19962
CHS,soft,random-s40_d0.15,600,0,21,47211499,47.211499
CHS,soft,random-s40_d0.15,600,0,22,46595720,46.59572
CHS,soft,random-s40_d0.15,600,0,23,70010994,70.010994
CHS,soft,random-s40_d0.15,600,0,24,44830479,44.830479
CHS,soft,random-s40_d0.15,600,0,25,77729806,77.729806
CHS,soft,random-s40_d0.15,600,0,26,55413321,55.413321
CHS,soft,random-s40_d0.15,600,0,27,51745230,51.74523
CHS,soft,random-s40_d0.15,600,0,28,52876221,52.876221
CHS,soft,random-s40_d0.15,600,0,29,41923968,41.923968
CHS,soft,random-s40_d0.15,600,0,30,53650151,53.650151
CHS,soft,random-s40_d0.15,600,0,31,86941758,86.941758
CHS,soft,random-s40_d0.15,600,0,32,44262639,44.262639
CHS,soft,random-s40_d0.15,600,0,33,47490680,47.49068
CHS,soft,random-s40_d0.15,600,0,34,42133409,42.133409
CHS,soft,random-s40_d0.15,600,0,35,80370316,80.370316
CHS,soft,random-s40_d0.15,600,0,36,54002750,54.00275
CHS,soft,random-s40_d0.15,600,0,37,48767740,48.76774
CHS,soft,random-s40_d0.15,600,0,38,120881255,120.881255
CHS,soft,random-s40_d0.15,600,0,39,46821480,46.82148
CHS,soft,random-s40_d0.15,600,0,40,47819500,47.8195
CHS,soft,random-s40_d0.15,600,0,41,101302370,101.30237
CHS,soft,random-s40_d0.15,600,0,42,59253902,59.253902
CHS,soft,random-s40_d0.15,600,0,43,42456268,42.456268
CHS,soft,random-s40_d0.15,600,0,44,66036473,66.036473
CHS,soft,random-s40_d0.15,600,0,45,42163218,42.163218
CHS,soft,random-s40_d0.15,600,0,46,80452927,80.452927
CHS,soft,random-s40_d0.15,600,0,47,45796199,45.796199
CHS,soft,random-s40_d0.15,600,0,48,49870970,49.87097
CHS,soft,random-s40_d0.15,600,0,49,130495607,130.495607
CHS,soft,random-s40_d0.15,600,0,50,60563492,60.563492
CHS,soft,random-s40_d0.15,600,0,51,68105294,68.105294
CHS,soft,random-s40_d0.15,600,0,52,47895709,47.895709
CHS,soft,random-s40_d0.15,600,0,53,74679406,74.679406
CHS,soft,random-s40_d0.15,600,0,54,53105730,53.10573
CHS,soft,random-s40_d0.15,600,0,55,43227268,43.227268
CHS,soft,random-s40_d0.15,600,0,56,69752814,69.752814
CHS,soft,random-s40_d0.15,600,0,57,47022499,47.022499
CHS,soft,random-s40_d0.15,600,0,58,52224991,52.224991
CHS,soft,random-s40_d0.15,600,0,59,80898936,80.898936
CHS,soft,random-s40_d0.15,600,0,60,49333970,49.33397
CHS,soft,random-s40_d0.15,600,0,61,77658316,77.658316
CHS,soft,random-s40_d0.15,600,0,62,117367833,117.367833
CHS,soft,random-s40_d0.15,600,0,63,48719840,48.71984
CHS,soft,random-s40_d0.15,600,0,64,50798141,50.798141
CHS,soft,random-s40_d0.15,600,0,65,45291930,45.29193
CHS,soft,random-s40_d0.15,600,0,66,86741897,86.741897
CHS,soft,random-s40_d0.15,600,0,67,93883059,93.883059
CHS,soft,random-s40_d0.15,600,0,68,105107381,105.107381
CHS,soft,random-s40_d0.15,600,0,69,47777259,47.777259
CHS,soft,random-s40_d0.15,600,0,70,60392112,60.392112
CHS,soft,random-s40_d0.15,600,0,71,113306772,113.306772
CHS,soft,random-s40_d0.15,600,0,72,56205052,56.205052
CHS,soft,random-s40_d0.15,600,0,73,49871240,49.87124
CHS,soft,random-s40_d0.15,600,0,74,75682455,75.682455
CHS,soft,random-s40_d0.15,600,0,75,72178434,72.178434
CHS,soft,random-s40_d0.15,600,0,76,52693331,52.693331
CHS,soft,random-s40_d0.15,600,0,77,76863786,76.863786
CHS,soft,random-s40_d0.15,600,0,78,58874802,58.874802
CHS,soft,random-s40_d0.15,600,0,79,126127366,126.127366
CHS,soft,random-s40_d0.15,600,0,80,66159364,66.159364
PRIMAL2,block_both,random-s40_d0.15,100,0,17,72087794,72.087794
PRIMAL2,block_both,random-s40_d0.15,100,0,18,72245485,72.245485
PRIMAL2,block_both,random-s40_d0.15,100,0,19,72801025,72.801025
PRIMAL2,block_both,random-s40_d0.15,100,0,20,91745928,91.745928
PRIMAL2,block_both,random-s40_d0.15,100,0,21,93317049,93.317049
PRIMAL2,block_both,random-s40_d0.15,100,0,22,92293888,92.293888
PRIMAL2,block_both,random-s40_d0.15,100,0,23,73171365,73.171365
PRIMAL2,block_both,random-s40_d0.15,100,0,24,92841669,92.841669
PRIMAL2,block_both,random-s40_d0.15,100,0,25,92479359,92.479359
PRIMAL2,block_both,random-s40_d0.15,100,0,26,72483024,72.483024
PRIMAL2,block_both,random-s40_d0.15,100,0,27,92444099,92.444099
PRIMAL2,block_both,random-s40_d0.15,100,0,28,71683065,71.683065
PRIMAL2,block_both,random-s40_d0.15,100,0,29,72177335,72.177335
PRIMAL2,block_both,random-s40_d0.15,100,0,30,91531558,91.531558
PRIMAL2,block_both,random-s40_d0.15,100,0,31,91544419,91.544419
PRIMAL2,block_both,random-s40_d0.15,100,0,32,72354235,72.354235
PRIMAL2,block_both,random-s40_d0.15,100,0,33,92595618,92.595618
PRIMAL2,block_both,random-s40_d0.15,100,0,34,72061565,72.061565
PRIMAL2,block_both,random-s40_d0.15,100,0,35,96176150,96.17615
PRIMAL2,block_both,random-s40_d0.15,100,0,36,72681024,72.681024
PRIMAL2,block_both,random-s40_d0.15,100,0,37,91915159,91.915159
PRIMAL2,block_both,random-s40_d0.15,100,0,38,91806458,91.806458
PRIMAL2,block_both,random-s40_d0.15,100,0,39,72863485,72.863485
PRIMAL2,block_both,random-s40_d0.15,100,0,40,71961455,71.961455
PRIMAL2,block_both,random-s40_d0.15,100,0,41,72116435,72.116435
PRIMAL2,block_both,random-s40_d0.15,100,0,42,71498514,71.498514
PRIMAL2,block_both,random-s40_d0.15,100,0,43,91373538,91.373538
PRIMAL2,block_both,random-s40_d0.15,100,0,44,95905350,95.90535
PRIMAL2,block_both,random-s40_d0.15,100,0,45,72000295,72.000295
PRIMAL2,block_both,random-s40_d0.15,100,0,46,92024358,92.024358
PRIMAL2,block_both,random-s40_d0.15,100,0,47,72461924,72.461924
PRIMAL2,block_both,random-s40_d0.15,100,0,48,91109559,91.109559
PRIMAL2,block_both,random-s40_d0.15,100,0,49,91044068,91.044068
PRIMAL2,block_both,random-s40_d0.15,100,0,50,91351249,91.351249
PRIMAL2,block_both,random-s40_d0.15,100,0,51,71994584,71.994584
PRIMAL2,block_both,random-s40_d0.15,100,0,52,90936188,90.936188
PRIMAL2,block_both,random-s40_d0.15,100,0,53,91955728,91.955728
PRIMAL2,block_both,random-s40_d0.15,100,0,54,94767689,94.767689
PRIMAL2,block_both,random-s40_d0.15,100,0,55,73841965,73.841965
PRIMAL2,block_both,random-s40_d0.15,100,0,56,73178904,73.178904
PRIMAL2,block_both,random-s40_d0.15,100,0,57,73214885,73.214885
PRIMAL2,block_both,random-s40_d0.15,100,0,58,73395185,73.395185
PRIMAL2,block_both,random-s40_d0.15,100,0,59,73777315,73.777315
PRIMAL2,block_both,random-s40_d0.15,100,0,60,73054974,73.054974
PRIMAL2,block_both,random-s40_d0.15,100,0,61,73358195,73.358195
PRIMAL2,block_both,random-s40_d0.15,100,0,62,72773005,72.773005
PRIMAL2,block_both,random-s40_d0.15,100,0,63,73553245,73.553245
PRIMAL2,block_both,random-s40_d0.15,100,0,64,73602725,73.602725
PRIMAL2,block_both,random-s40_d0.15,100,0,65,74559105,74.559105
PRIMAL2,block_both,random-s40_d0.15,100,0,66,73349204,73.349204
PRIMAL2,block_both,random-s40_d0.15,100,0,67,93628049,93.628049
PRIMAL2,block_both,random-s40_d0.15,100,0,68,73034215,73.034215
PRIMAL2,block_both,random-s40_d0.15,100,0,69,74367775,74.367775
PRIMAL2,block_both,random-s40_d0.15,100,0,70,73576424,73.576424
PRIMAL2,block_both,random-s40_d0.15,100,0,71,73199555,73.199555
PRIMAL2,block_both,random-s40_d0.15,100,0,72,73140605,73.140605
PRIMAL2,block_both,random-s40_d0.15,100,0,73,72695125,72.695125
PRIMAL2,block_both,random-s40_d0.15,100,0,74,73801375,73.801375
PRIMAL2,block_both,random-s40_d0.15,100,0,75,72785554,72.785554
PRIMAL2,block_both,random-s40_d0.15,100,0,76,72818585,72.818585
PRIMAL2,block_both,random-s40_d0.15,100,0,77,72124105,72.124105
PRIMAL2,block_both,random-s40_d0.15,100,0,78,71666485,71.666485
PRIMAL2,block_both,random-s40_d0.15,100,0,79,111933213,111.933213
PRIMAL2,block_both,random-s40_d0.15,100,0,80,73637185,73.637185
PRIMAL2,block_both,random-s40_d0.15,300,0,17,239985039,239.985039
PRIMAL2,block_both,random-s40_d0.15,300,0,18,268072543,268.072543
PRIMAL2,block_both,random-s40_d0.15,300,0,19,240082330,240.08233
PRIMAL2,block_both,random-s40_d0.15,300,0,20,221244637,221.244637
PRIMAL2,block_both,random-s40_d0.15,300,0,21,241140499,241.140499
PRIMAL2,block_both,random-s40_d0.15,300,0,22,261664532,261.664532
PRIMAL2,block_both,random-s40_d0.15,300,0,23,223058867,223.058867
PRIMAL2,block_both,random-s40_d0.15,300,0,24,241707320,241.70732
PRIMAL2,block_both,random-s40_d0.15,300,0,25,242290600,242.2906
PRIMAL2,block_both,random-s40_d0.15,300,0,26,221911297,221.911297
PRIMAL2,block_both,random-s40_d0.15,300,0,27,220363447,220.363447
PRIMAL2,block_both,random-s40_d0.15,300,0,28,222184847,222.184847
PRIMAL2,block_both,random-s40_d0.15,300,0,29,222315317,222.315317
PRIMAL2,block_both,random-s40_d0.15,300,0,30,221091097,221.091097
PRIMAL2,block_both,random-s40_d0.15,300,0,31,260677222,260.677222
PRIMAL2,block_both,random-s40_d0.15,300,0,32,240854980,240.85498
PRIMAL2,block_both,random-s40_d0.15,300,0,33,220978337,220.978337
PRIMAL2,block_both,random-s40_d0.15,300,0,34,240677380,240.67738
PRIMAL2,block_both,random-s40_d0.15,300,0,35,260361632,260.361632
PRIMAL2,block_both,random-s40_d0.15,300,0,36,248543461,248.543461
PRIMAL2,block_both,random-s40_d0.15,300,0,37,241645220,241.64522
PRIMAL2,block_both,random-s40_d0.15,300,0,38,220651037,220.651037
PRIMAL2,block_both,random-s40_d0.15,300,0,39,220578217,220.578217
PRIMAL2,block_both,random-s40_d0.15,300,0,40,264432703,264.432703
PRIMAL2,block_both,random-s40_d0.15,300,0,41,242434929,242.434929
PRIMAL2,block_both,random-s40_d0.15,300,0,42,238979329,238.979329
PRIMAL2,block_both,random-s40_d0.15,300,0,43,219785117,219.785117
PRIMAL2,block_both,random-s40_d0.15,300,0,44,221505857,221.505857
PRIMAL2,block_both,random-s40_d0.15,300,0,45,220385947,220.385947
PRIMAL2,block_both,random-s40_d0.15,300,0,46,222280778,222.280778
PRIMAL2,block_both,random-s40_d0.15,300,0,47,258171982,258.171982
PRIMAL2,block_both,random-s40_d0.15,300,0,48,219739067,219.739067
PRIMAL2,block_both,random-s40_d0.15,300,0,49,222960987,222.960987
PRIMAL2,block_both,random-s40_d0.15,300,0,50,240292909,240.292909
PRIMAL2,block_both,random-s40_d0.15,300,0,51,240592660,240.59266
PRIMAL2,block_both,random-s40_d0.15,300,0,52,240811979,240.811979
PRIMAL2,block_both,random-s40_d0.15,300,0,53,219435947,219.435947
PRIMAL2,block_both,random-s40_d0.15,300,0,54,242596350,242.59635
PRIMAL2,block_both,random-s40_d0.15,300,0,55,221019047,221.019047
PRIMAL2,block_both,random-s40_d0.15,300,0,56,241823140,241.82314
PRIMAL2,block_both,random-s40_d0.15,300,0,57,241679470,241.67947
PRIMAL2,block_both,random-s40_d0.15,300,0,58,242135290,242.13529
PRIMAL2,block_both,random-s40_d0.15,300,0,59,250110281,250.110281
PRIMAL2,block_both,random-s40_d0.15,300,0,60,243175030,243.17503
PRIMAL2,block_both,random-s40_d0.15,300,0,61,221645787,221.645787
PRIMAL2,block_both,random-s40_d0.15,300,0,62,246279190,246.27919
PRIMAL2,block_both,random-s40_d0.15,300,0,63,221664007,221.664007
PRIMAL2,block_both,random-s40_d0.15,300,0,64,240739970,240.73997
PRIMAL2,block_both,random-s40_d0.15,300,0,65,241821640,241.82164
PRIMAL2,block_both,random-s40_d0.15,300,0,66,242090930,242.09093
PRIMAL2,block_both,random-s40_d0.15,300,0,67,265398113,265.398113
PRIMAL2,block_both,random-s40_d0.15,300,0,68,241641809,241.641809
PRIMAL2,block_both,random-s40_d0.15,300,0,69,222839217,222.839217
PRIMAL2,block_both,random-s40_d0.15,300,0,70,241664270,241.66427
PRIMAL2,block_both,random-s40_d0.15,300,0,71,219203527,219.203527
PRIMAL2,block_both,random-s40_d0.15,300,0,72,240451460,240.45146
PRIMAL2,block_both,random-s40_d0.15,300,0,73,219575447,219.575447
PRIMAL2,block_both,random-s40_d0.15,300,0,74,219609857,219.609857
PRIMAL2,block_both,random-s40_d0.15,300,0,75,238945309,238.945309
PRIMAL2,block_both,random-s40_d0.15,300,0,76,260016132,260.016132
PRIMAL2,block_both,random-s40_d0.15,300,0,77,249512850,249.51285
PRIMAL2,block_both,random-s40_d0.15,300,0,78,250782720,250.78272
PRIMAL2,block_both,random-s40_d0.15,300,0,79,221683368,221.683368
PRIMAL2,block_both,random-s40_d0.15,300,0,80,223933407,223.933407
PRIMAL2,block_both,random-s40_d0.15,600,0,17,456008236,456.008236
PRIMAL2,block_both,random-s40_d0.15,600,0,18,476288778,476.288778
PRIMAL2,block_both,random-s40_d0.15,600,0,19,513964783,513.964783
PRIMAL2,block_both,random-s40_d0.15,600,0,20,461961327,461.961327
PRIMAL2,block_both,random-s40_d0.15,600,0,21,454142795,454.142795
PRIMAL2,block_both,random-s40_d0.15,600,0,22,455815686,455.815686
PRIMAL2,block_both,random-s40_d0.15,600,0,23,494294871,494.294871
PRIMAL2,block_both,random-s40_d0.15,600,0,24,457363296,457.363296
PRIMAL2,block_both,random-s40_d0.15,600,0,25,459385837,459.385837
PRIMAL2,block_both,random-s40_d0.15,600,0,26,476846978,476.846978
PRIMAL2,block_both,random-s40_d0.15,600,0,27,494374181,494.374181
PRIMAL2,block_both,random-s40_d0.15,600,0,28,478236308,478.236308
PRIMAL2,block_both,random-s40_d0.15,600,0,29,458637176,458.637176
PRIMAL2,block_both,random-s40_d0.15,600,0,30,477523459,477.523459
PRIMAL2,block_both,random-s40_d0.15,600,0,31,478089849,478.089849
PRIMAL2,block_both,random-s40_d0.15,600,0,32,518530064,518.530064
PRIMAL2,block_both,random-s40_d0.15,600,0,33,497565801,497.565801
PRIMAL2,block_both,random-s40_d0.15,600,0,34,479781729,479.781729
PRIMAL2,block_both,random-s40_d0.15,600,0,35,480565246,480.565246
PRIMAL2,block_both,random-s40_d0.15,600,0,36,479007665,479.007665
PRIMAL2,block_both,random-s40_d0.15,600,0,37,459774742,459.774742
PRIMAL2,block_both,random-s40_d0.15,600,0,38,463921353,463.921353
PRIMAL2,block_both,random-s40_d0.15,600,0,39,477225345,477.225345
PRIMAL2,block_both,random-s40_d0.15,600,0,40,459319462,459.319462
PRIMAL2,block_both,random-s40_d0.15,600,0,41,477460505,477.460505
PRIMAL2,block_both,random-s40_d0.15,600,0,42,458693422,458.693422
PRIMAL2,block_both,random-s40_d0.15,600,0,43,478267435,478.267435
PRIMAL2,block_both,random-s40_d0.15,600,0,44,459517912,459.517912
PRIMAL2,block_both,random-s40_d0.15,600,0,45,481344626,481.344626
PRIMAL2,block_both,random-s40_d0.15,600,0,46,458893592,458.893592
PRIMAL2,block_both,random-s40_d0.15,600,0,47,483917407,483.917407
PRIMAL2,block_both,random-s40_d0.15,600,0,48,481490287,481.490287
PRIMAL2,block_both,random-s40_d0.15,600,0,49,459490842,459.490842
PRIMAL2,block_both,random-s40_d0.15,600,0,50,481910706,481.910706
PRIMAL2,block_both,random-s40_d0.15,600,0,51,499422399,499.422399
PRIMAL2,block_both,random-s40_d0.15,600,0,52,462044563,462.044563
PRIMAL2,block_both,random-s40_d0.15,600,0,53,458222751,458.222751
PRIMAL2,block_both,random-s40_d0.15,600,0,54,458508492,458.508492
PRIMAL2,block_both,random-s40_d0.15,600,0,55,481283166,481.283166
PRIMAL2,block_both,random-s40_d0.15,600,0,56,462378923,462.378923
PRIMAL2,block_both,random-s40_d0.15,600,0,57,479598616,479.598616
PRIMAL2,block_both,random-s40_d0.15,600,0,58,458774812,458.774812
PRIMAL2,block_both,random-s40_d0.15,600,0,59,459533202,459.533202
PRIMAL2,block_both,random-s40_d0.15,600,0,60,459376373,459.376373
PRIMAL2,block_both,random-s40_d0.15,600,0,61,480889126,480.889126
PRIMAL2,block_both,random-s40_d0.15,600,0,62,479531225,479.531225
PRIMAL2,block_both,random-s40_d0.15,600,0,63,500778079,500.778079
PRIMAL2,block_both,random-s40_d0.15,600,0,64,459389552,459.389552
PRIMAL2,block_both,random-s40_d0.15,600,0,65,502483120,502.48312
PRIMAL2,block_both,random-s40_d0.15,600,0,66,458869262,458.869262
PRIMAL2,block_both,random-s40_d0.15,600,0,67,461915723,461.915723
PRIMAL2,block_both,random-s40_d0.15,600,0,68,477337355,477.337355
PRIMAL2,block_both,random-s40_d0.15,600,0,69,460025033,460.025033
PRIMAL2,block_both,random-s40_d0.15,600,0,70,498380299,498.380299
PRIMAL2,block_both,random-s40_d0.15,600,0,71,459166542,459.166542
PRIMAL2,block_both,random-s40_d0.15,600,0,72,517790313,517.790313
PRIMAL2,block_both,random-s40_d0.15,600,0,73,479783936,479.783936
PRIMAL2,block_both,random-s40_d0.15,600,0,74,464269193,464.269193
PRIMAL2,block_both,random-s40_d0.15,600,0,75,489304307,489.304307
PRIMAL2,block_both,random-s40_d0.15,600,0,76,461250192,461.250192
PRIMAL2,block_both,random-s40_d0.15,600,0,77,481882546,481.882546
PRIMAL2,block_both,random-s40_d0.15,600,0,78,459697792,459.697792
PRIMAL2,block_both,random-s40_d0.15,600,0,79,462238173,462.238173
PRIMAL2,block_both,random-s40_d0.15,600,0,80,481230446,481.230446
PRIMAL2,soft,random-s40_d0.15,100,0,17,73127653,73.127653
PRIMAL2,soft,random-s40_d0.15,100,0,18,73162023,73.162023
PRIMAL2,soft,random-s40_d0.15,100,0,19,73562403,73.562403
PRIMAL2,soft,random-s40_d0.15,100,0,20,92123187,92.123187
PRIMAL2,soft,random-s40_d0.15,100,0,21,92913487,92.913487
PRIMAL2,soft,random-s40_d0.15,100,0,22,92503136,92.503136
PRIMAL2,soft,random-s40_d0.15,100,0,23,73188323,73.188323
PRIMAL2,soft,random-s40_d0.15,100,0,24,97225037,97.225037
PRIMAL2,soft,random-s40_d0.15,100,0,25,94319837,94.319837
PRIMAL2,soft,random-s40_d0.15,100,0,26,73307584,73.307584
PRIMAL2,soft,random-s40_d0.15,100,0,27,92952447,92.952447
PRIMAL2,soft,random-s40_d0.15,100,0,28,71907873,71.907873
PRIMAL2,soft,random-s40_d0.15,100,0,29,72822623,72.822623
PRIMAL2,soft,random-s40_d0.15,100,0,30,92092636,92.092636
PRIMAL2,soft,random-s40_d0.15,100,0,31,111784320,111.78432
PRIMAL2,soft,random-s40_d0.15,100,0,32,92543587,92.543587
PRIMAL2,soft,random-s40_d0.15,100,0,33,72541863,72.541863
PRIMAL2,soft,random-s40_d0.15,100,0,34,92751556,92.751556
PRIMAL2,soft,random-s40_d0.15,100,0,35,72813753,72.813753
PRIMAL2,soft,random-s40_d0.15,100,0,36,72279633,72.279633
PRIMAL2,soft,random-s40_d0.15,100,0,37,91999276,91.999276
PRIMAL2,soft,random-s40_d0.15,100,0,38,71346712,71.346712
PRIMAL2,soft,random-s40_d0.15,100,0,39,71338783,71.338783
PRIMAL2,soft,random-s40_d0.15,100,0,40,71626293,71.626293
PRIMAL2,soft,random-s40_d0.15,100,0,41,91576496,91.576496
PRIMAL2,soft,random-s40_d0.15,100,0,42,72599033,72.599033
PRIMAL2,soft,random-s40_d0.15,100,0,43,72227843,72.227843
PRIMAL2,soft,random-s40_d0.15,100,0,44,72579023,72.579023
PRIMAL2,soft,random-s40_d0.15,100,0,45,72402753,72.402753
PRIMAL2,soft,random-s40_d0.15,100,0,46,72067803,72.067803
PRIMAL2,soft,random-s40_d0.15,100,0,47,91274406,91.274406
PRIMAL2,soft,random-s40_d0.15,100,0,48,110638030,110.63803
PRIMAL2,soft,random-s40_d0.15,100,0,49,72555353,72.555353
PRIMAL2,soft,random-s40_d0.15,100,0,50,91993086,91.993086
PRIMAL2,soft,random-s40_d0.15,100,0,51,72227863,72.227863
PRIMAL2,soft,random-s40_d0.15,100,0,52,91549346,91.549346
PRIMAL2,soft,random-s40_d0.15,100,0,53,71645642,71.645642
PRIMAL2,soft,random-s40_d0.15,100,0,54,91431276,91.431276
PRIMAL2,soft,random-s40_d0.15,100,0,55,71972203,71.972203
PRIMAL2,soft,random-s40_d0.15,100,0,56,91388386,91.388386
PRIMAL2,soft,random-s40_d0.15,100,0,57,71657873,71.657873
PRIMAL2,soft,random-s40_d0.15,100,0,58,72260733,72.260733
PRIMAL2,soft,random-s40_d0.15,100,0,59,92571936,92.571936
PRIMAL2,soft,random-s40_d0.15,100,0,60,71760613,71.760613
PRIMAL2,soft,random-s40_d0.15,100,0,61,72131283,72.131283
PRIMAL2,soft,random-s40_d0.15,100,0,62,72537923,72.537923
PRIMAL2,soft,random-s40_d0.15,100,0,63,71948043,71.948043
PRIMAL2,soft,random-s40_d0.15,100,0,64,71779583,71.779583
PRIMAL2,soft,random-s40_d0.15,100,0,65,71703943,71.703943
PRIMAL2,soft,random-s40_d0.15,100,0,66,91269946,91.269946
PRIMAL2,soft,random-s40_d0.15,100,0,67,77421574,77.421574
PRIMAL2,soft,random-s40_d0.15,100,0,68,73040273,73.040273
PRIMAL2,soft,random-s40_d0.15,100,0,69,72216623,72.216623
PRIMAL2,soft,random-s40_d0.15,100,0,70,72317933,72.317933
PRIMAL2,soft,random-s40_d0.15,100,0,71,72399703,72.399703
PRIMAL2,soft,random-s40_d0.15,100,0,72,72681173,72.681173
PRIMAL2,soft,random-s40_d0.15,100,0,73,112687100,112.6871
PRIMAL2,soft,random-s40_d0.15,100,0,74,72342373,72.342373
PRIMAL2,soft,random-s40_d0.15,100,0,75,72212033,72.212033
PRIMAL2,soft,random-s40_d0.15,100,0,76,72285273,72.285273
PRIMAL2,soft,random-s40_d0.15,100,0,77,72209283,72.209283
PRIMAL2,soft,random-s40_d0.15,100,0,78,72428453,72.428453
PRIMAL2,soft,random-s40_d0.15,100,0,79,92458507,92.458507
PRIMAL2,soft,random-s40_d0.15,100,0,80,72542313,72.542313
PRIMAL2,soft,random-s40_d0.15,300,0,17,219787850,219.78785
PRIMAL2,soft,random-s40_d0.15,300,0,18,220273889,220.273889
PRIMAL2,soft,random-s40_d0.15,300,0,19,278713649,278.713649
PRIMAL2,soft,random-s40_d0.15,300,0,20,221954090,221.95409
PRIMAL2,soft,random-s40_d0.15,300,0,21,223790681,223.790681
PRIMAL2,soft,random-s40_d0.15,300,0,22,259887056,259.887056
PRIMAL2,soft,random-s40_d0.15,300,0,23,242022493,242.022493
PRIMAL2,soft,random-s40_d0.15,300,0,24,242220093,242.220093
PRIMAL2,soft,random-s40_d0.15,300,0,25,221489460,221.48946
PRIMAL2,soft,random-s40_d0.15,300,0,26,279534040,279.53404
PRIMAL2,soft,random-s40_d0.15,300,0,27,222053270,222.05327
PRIMAL2,soft,random-s40_d0.15,300,0,28,222216890,222.21689
PRIMAL2,soft,random-s40_d0.15,300,0,29,223422140,223.42214
PRIMAL2,soft,random-s40_d0.15,300,0,30,240422863,240.422863
PRIMAL2,soft,random-s40_d0.15,300,0,31,241161853,241.161853
PRIMAL2,soft,random-s40_d0.15,300,0,32,261467457,261.467457
PRIMAL2,soft,random-s40_d0.15,300,0,33,242222543,242.222543
PRIMAL2,soft,random-s40_d0.15,300,0,34,241259003,241.259003
PRIMAL2,soft,random-s40_d0.15,300,0,35,221530349,221.530349
PRIMAL2,soft,random-s40_d0.15,300,0,36,240574453,240.574453
PRIMAL2,soft,random-s40_d0.15,300,0,37,240509553,240.509553
PRIMAL2,soft,random-s40_d0.15,300,0,38,242403723,242.403723
PRIMAL2,soft,random-s40_d0.15,300,0,39,226402071,226.402071
PRIMAL2,soft,random-s40_d0.15,300,0,40,260747657,260.747657
PRIMAL2,soft,random-s40_d0.15,300,0,41,241226143,241.226143
PRIMAL2,soft,random-s40_d0.15,300,0,42,243402414,243.402414
PRIMAL2,soft,random-s40_d0.15,300,0,43,242645503,242.645503
PRIMAL2,soft,random-s40_d0.15,300,0,44,241912174,241.912174
PRIMAL2,soft,random-s40_d0.15,300,0,45,220850020,220.85002
PRIMAL2,soft,random-s40_d0.15,300,0,46,239884103,239.884103
PRIMAL2,soft,random-s40_d0.15,300,0,47,221344099,221.344099
PRIMAL2,soft,random-s40_d0.15,300,0,48,279973410,279.97341
PRIMAL2,soft,random-s40_d0.15,300,0,49,219643789,219.643789
PRIMAL2,soft,random-s40_d0.15,300,0,50,259160976,259.160976
PRIMAL2,soft,random-s40_d0.15,300,0,51,240918633,240.918633
PRIMAL2,soft,random-s40_d0.15,300,0,52,221585600,221.5856
PRIMAL2,soft,random-s40_d0.15,300,0,53,239873353,239.873353
PRIMAL2,soft,random-s40_d0.15,300,0,54,221747760,221.74776
PRIMAL2,soft,random-s40_d0.15,300,0,55,221162919,221.162919
PRIMAL2,soft,random-s40_d0.15,300,0,56,264417147,264.417147
PRIMAL2,soft,random-s40_d0.15,300,0,57,258965687,258.965687
PRIMAL2,soft,random-s40_d0.15,300,0,58,220969509,220.969509
PRIMAL2,soft,random-s40_d0.15,300,0,59,240167853,240.167853
PRIMAL2,soft,random-s40_d0.15,300,0,60,241165983,241.165983
PRIMAL2,soft,random-s40_d0.15,300,0,61,279374600,279.3746
PRIMAL2,soft,random-s40_d0.15,300,0,62,221718099,221.718099
PRIMAL2,soft,random-s40_d0.15,300,0,63,241292204,241.292204
PRIMAL2,soft,random-s40_d0.15,300,0,64,260757766,260.757766
PRIMAL2,soft,random-s40_d0.15,300,0,65,220027379,220.027379
PRIMAL2,soft,random-s40_d0.15,300,0,66,240033873,240.033873
PRIMAL2,soft,random-s40_d0.15,300,0,67,239550263,239.550263
PRIMAL2,soft,random-s40_d0.15,300,0,68,259556287,259.556287
PRIMAL2,soft,random-s40_d0.15,300,0,69,241476043,241.476043
PRIMAL2,soft,random-s40_d0.15,300,0,70,240445243,240.445243
PRIMAL2,soft,random-s40_d0.15,300,0,71,299976413,299.976413
PRIMAL2,soft,random-s40_d0.15,300,0,72,242102734,242.102734
PRIMAL2,soft,random-s40_d0.15,300,0,73,222444500,222.4445
PRIMAL2,soft,random-s40_d0.15,300,0,74,223767660,223.76766
PRIMAL2,soft,random-s40_d0.15,300,0,75,221885459,221.885459
PRIMAL2,soft,random-s40_d0.15,300,0,76,260225666,260.225666
PRIMAL2,soft,random-s40_d0.15,300,0,77,221978479,221.978479
PRIMAL2,soft,random-s40_d0.15,300,0,78,261204696,261.204696
PRIMAL2,soft,random-s40_d0.15,300,0,79,222060990,222.06099
PRIMAL2,soft,random-s40_d0.15,300,0,80,240773813,240.773813
PRIMAL2,soft,random-s40_d0.15,600,0,17,471057760,471.05776
PRIMAL2,soft,random-s40_d0.15,600,0,18,497620045,497.620045
PRIMAL2,soft,random-s40_d0.15,600,0,19,455963288,455.963288
PRIMAL2,soft,random-s40_d0.15,600,0,20,478270992,478.270992
PRIMAL2,soft,random-s40_d0.15,600,0,21,457888569,457.888569
PRIMAL2,soft,random-s40_d0.15,600,0,22,494961275,494.961275
PRIMAL2,soft,random-s40_d0.15,600,0,23,458237858,458.237858
PRIMAL2,soft,random-s40_d0.15,600,0,24,497509076,497.509076
PRIMAL2,soft,random-s40_d0.15,600,0,25,480095822,480.095822
PRIMAL2,soft,random-s40_d0.15,600,0,26,499272636,499.272636
PRIMAL2,soft,random-s40_d0.15,600,0,27,477297612,477.297612
PRIMAL2,soft,random-s40_d0.15,600,0,28,536199902,536.199902
PRIMAL2,soft,random-s40_d0.15,600,0,29,457130108,457.130108
PRIMAL2,soft,random-s40_d0.15,600,0,30,457829728,457.829728
PRIMAL2,soft,random-s40_d0.15,600,0,31,496122285,496.122285
PRIMAL2,soft,random-s40_d0.15,600,0,32,482163913,482.163913
PRIMAL2,soft,random-s40_d0.15,600,0,33,457797308,457.797308
PRIMAL2,soft,random-s40_d0.15,600,0,34,496485285,496.485285
PRIMAL2,soft,random-s40_d0.15,600,0,35,560576386,560.576386
PRIMAL2,soft,random-s40_d0.15,600,0,36,477371812,477.371812
PRIMAL2,soft,random-s40_d0.15,600,0,37,463954440,463.95444
PRIMAL2,soft,random-s40_d0.15,600,0,38,539621272,539.621272
PRIMAL2,soft,random-s40_d0.15,600,0,39,462331939,462.331939
PRIMAL2,soft,random-s40_d0.15,600,0,40,484401823,484.401823
PRIMAL2,soft,random-s40_d0.15,600,0,41,459530759,459.530759
PRIMAL2,soft,random-s40_d0.15,600,0,42,462072220,462.07222
PRIMAL2,soft,random-s40_d0.15,600,0,43,463140800,463.1408
PRIMAL2,soft,random-s40_d0.15,600,0,44,480936013,480.936013
PRIMAL2,soft,random-s40_d0.15,600,0,45,515762499,515.762499
PRIMAL2,soft,random-s40_d0.15,600,0,46,490263694,490.263694
PRIMAL2,soft,random-s40_d0.15,600,0,47,469394311,469.394311
PRIMAL2,soft,random-s40_d0.15,600,0,48,481935342,481.935342
PRIMAL2,soft,random-s40_d0.15,600,0,49,486659433,486.659433
PRIMAL2,soft,random-s40_d0.15,600,0,50,462375279,462.375279
PRIMAL2,soft,random-s40_d0.15,600,0,51,485345273,485.345273
PRIMAL2,soft,random-s40_d0.15,600,0,52,503103757,503.103757
PRIMAL2,soft,random-s40_d0.15,600,0,53,466179560,466.17956
PRIMAL2,soft,random-s40_d0.15,600,0,54,464805509,464.805509
PRIMAL2,soft,random-s40_d0.15,600,0,55,485103883,485.103883
PRIMAL2,soft,random-s40_d0.15,600,0,56,487338554,487.338554
PRIMAL2,soft,random-s40_d0.15,600,0,57,511489198,511.489198
PRIMAL2,soft,random-s40_d0.15,600,0,58,487940464,487.940464
PRIMAL2,soft,random-s40_d0.15,600,0,59,464613900,464.6139
PRIMAL2,soft,random-s40_d0.15,600,0,60,483711703,483.711703
PRIMAL2,soft,random-s40_d0.15,600,0,61,484376333,484.376333
PRIMAL2,soft,random-s40_d0.15,600,0,62,484414203,484.414203
PRIMAL2,soft,random-s40_d0.15,600,0,63,464303370,464.30337
PRIMAL2,soft,random-s40_d0.15,600,0,64,485749584,485.749584
PRIMAL2,soft,random-s40_d0.15,600,0,65,524506410,524.50641
PRIMAL2,soft,random-s40_d0.15,600,0,66,485713344,485.713344
PRIMAL2,soft,random-s40_d0.15,600,0,67,470950691,470.950691
PRIMAL2,soft,random-s40_d0.15,600,0,68,486725133,486.725133
PRIMAL2,soft,random-s40_d0.15,600,0,69,464422900,464.4229
PRIMAL2,soft,random-s40_d0.15,600,0,70,463027859,463.027859
PRIMAL2,soft,random-s40_d0.15,600,0,71,502667366,502.667366
PRIMAL2,soft,random-s40_d0.15,600,0,72,485287644,485.287644
PRIMAL2,soft,random-s40_d0.15,600,0,73,542110883,542.110883
PRIMAL2,soft,random-s40_d0.15,600,0,74,464115070,464.11507
PRIMAL2,soft,random-s40_d0.15,600,0,75,505995127,505.995127
PRIMAL2,soft,random-s40_d0.15,600,0,76,483412253,483.412253
PRIMAL2,soft,random-s40_d0.15,600,0,77,465501510,465.50151
PRIMAL2,soft,random-s40_d0.15,600,0,78,462335380,462.33538
PRIMAL2,soft,random-s40_d0.15,600,0,79,483356333,483.356333
PRIMAL2,soft,random-s40_d0.15,600,0,80,482431773,482.431773
SRSLM,block_both,random-s40_d0.15,100,0,17,42634958,42.634958
SRSLM,block_both,random-s40_d0.15,100,0,18,42201268,42.201268
SRSLM,block_both,random-s40_d0.15,100,0,19,41507018,41.507018
SRSLM,block_both,random-s40_d0.15,100,0,20,40944109,40.944109
SRSLM,block_both,random-s40_d0.15,100,0,21,40825718,40.825718
SRSLM,block_both,random-s40_d0.15,100,0,22,40731208,40.731208
SRSLM,block_both,random-s40_d0.15,100,0,23,61078202,61.078202
SRSLM,block_both,random-s40_d0.15,100,0,24,42408509,42.408509
SRSLM,block_both,random-s40_d0.15,100,0,25,46471190,46.47119
SRSLM,block_both,random-s40_d0.15,100,0,26,39838448,39.838448
SRSLM,block_both,random-s40_d0.15,100,0,27,47942479,47.942479
SRSLM,block_both,random-s40_d0.15,100,0,28,41191128,41.191128
SRSLM,block_both,random-s40_d0.15,100,0,29,53425860,53.42586
SRSLM,block_both,random-s40_d0.15,100,0,30,41003158,41.003158
SRSLM,block_both,random-s40_d0.15,100,0,31,39489167,39.489167
SRSLM,block_both,random-s40_d0.15,100,0,32,40128258,40.128258
SRSLM,block_both,random-s40_d0.15,100,0,33,39411678,39.411678
SRSLM,block_both,random-s40_d0.15,100,0,34,41208078,41.208078
SRSLM,block_both,random-s40_d0.15,100,0,35,40683458,40.683458
SRSLM,block_both,random-s40_d0.15,100,0,36,40446948,40.446948
SRSLM,block_both,random-s40_d0.15,100,0,37,47676870,47.67687
SRSLM,block_both,random-s40_d0.15,100,0,38,41008647,41.008647
SRSLM,block_both,random-s40_d0.15,100,0,39,40977177,40.977177
SRSLM,block_both,random-s40_d0.15,100,0,40,40509418,40.509418
SRSLM,block_both,random-s40_d0.15,100,0,41,39383217,39.383217
SRSLM,block_both,random-s40_d0.15,100,0,42,38789078,38.789078
SRSLM,block_both,random-s40_d0.15,100,0,43,52969970,52.96997
SRSLM,block_both,random-s40_d0.15,100,0,44,42174209,42.174209
SRSLM,block_both,random-s40_d0.15,100,0,45,40844428,40.844428
SRSLM,block_both,random-s40_d0.15,100,0,46,40856348,40.856348
SRSLM,block_both,random-s40_d0.15,100,0,47,47589089,47.589089
SRSLM,block_both,random-s40_d0.15,100,0,48,48713480,48.71348
SRSLM,block_both,random-s40_d0.15,100,0,49,41222268,41.222268
SRSLM,block_both,random-s40_d0.15,100,0,50,41328788,41.328788
SRSLM,block_both,random-s40_d0.15,100,0,51,42483428,42.483428
SRSLM,block_both,random-s40_d0.15,100,0,52,43070228,43.070228
SRSLM,block_both,random-s40_d0.15,100,0,53,49398970,49.39897
SRSLM,block_both,random-s40_d0.15,100,0,54,49821060,49.82106
SRSLM,block_both,random-s40_d0.15,100,0,55,42284169,42.284169
SRSLM,block_both,random-s40_d0.15,100,0,56,48396679,48.396679
SRSLM,block_both,random-s40_d0.15,100,0,57,41295478,41.295478
SRSLM,block_both,random-s40_d0.15,100,0,58,40183137,40.183137
SRSLM,block_both,random-s40_d0.15,100,0,59,41827678,41.827678
SRSLM,block_both,random-s40_d0.15,100,0,60,47247449,47.247449
SRSLM,block_both,random-s40_d0.15,100,0,61,47321399,47.321399
SRSLM,block_both,random-s40_d0.15,100,0,62,47628619,47.628619
SRSLM,block_both,random-s40_d0.15,100,0,63,40375248,40.375248
SRSLM,block_both,random-s40_d0.15,100,0,64,39426878,39.426878
SRSLM,block_both,random-s40_d0.15,100,0,65,60114631,60.114631
SRSLM,block_both,random-s40_d0.15,100,0,66,40470888,40.470888
SRSLM,block_both,random-s40_d0.15,100,0,67,38625058,38.625058
SRSLM,block_both,random-s40_d0.15,100,0,68,39055487,39.055487
SRSLM,block_both,random-s40_d0.15,100,0,69,41123918,41.123918
SRSLM,block_both,random-s40_d0.15,100,0,70,46378939,46.378939
SRSLM,block_both,random-s40_d0.15,100,0,71,40309368,40.309368
SRSLM,block_both,random-s40_d0.15,100,0,72,53973670,53.97367
SRSLM,block_both,random-s40_d0.15,100,0,73,41249408,41.249408
SRSLM,block_both,random-s40_d0.15,100,0,74,39949117,39.949117
SRSLM,block_both,random-s40_d0.15,100,0,75,40334888,40.334888
SRSLM,block_both,random-s40_d0.15,100,0,76,47356529,47.356529
SRSLM,block_both,random-s40_d0.15,100,0,77,41361208,41.361208
SRSLM,block_both,random-s40_d0.15,100,0,78,49911569,49.911569
SRSLM,block_both,random-s40_d0.15,100,0,79,43007399,43.007399
SRSLM,block_both,random-s40_d0.15,100,0,80,42705598,42.705598
SRSLM,block_both,random-s40_d0.15,300,0,17,132034365,132.034365
SRSLM,block_both,random-s40_d0.15,300,0,18,137660367,137.660367
SRSLM,block_both,random-s40_d0.15,300,0,19,142865358,142.865358
SRSLM,block_both,random-s40_d0.15,300,0,20,167567142,167.567142
SRSLM,block_both,random-s40_d0.15,300,0,21,148476439,148.476439
SRSLM,block_both,random-s40_d0.15,300,0,22,168087063,168.087063
SRSLM,block_both,random-s40_d0.15,300,0,23,144150898,144.150898
SRSLM,block_both,random-s40_d0.15,300,0,24,169753913,169.753913
SRSLM,block_both,random-s40_d0.15,300,0,25,178445185,178.445185
SRSLM,block_both,random-s40_d0.15,300,0,26,170156673,170.156673
SRSLM,block_both,random-s40_d0.15,300,0,27,152632209,152.632209
SRSLM,block_both,random-s40_d0.15,300,0,28,147972438,147.972438
SRSLM,block_both,random-s40_d0.15,300,0,29,154606750,154.60675
SRSLM,block_both,random-s40_d0.15,300,0,30,151323940,151.32394
SRSLM,block_both,random-s40_d0.15,300,0,31,153310920,153.31092
SRSLM,block_both,random-s40_d0.15,300,0,32,157784450,157.78445
SRSLM,block_both,random-s40_d0.15,300,0,33,160564951,160.564951
SRSLM,block_both,random-s40_d0.15,300,0,34,176703804,176.703804
SRSLM,block_both,random-s40_d0.15,300,0,35,182006826,182.006826
SRSLM,block_both,random-s40_d0.15,300,0,36,166866372,166.866372
SRSLM,block_both,random-s40_d0.15,300,0,37,193066738,193.066738
SRSLM,block_both,random-s40_d0.15,300,0,38,153493260,153.49326
SRSLM,block_both,random-s40_d0.15,300,0,39,143570348,143.570348
SRSLM,block_both,random-s40_d0.15,300,0,40,126363875,126.363875
SRSLM,block_both,random-s40_d0.15,300,0,41,143779648,143.779648
SRSLM,block_both,random-s40_d0.15,300,0,42,149102979,149.102979
SRSLM,block_both,random-s40_d0.15,300,0,43,148581239,148.581239
SRSLM,block_both,random-s40_d0.15,300,0,44,136946387,136.946387
SRSLM,block_both,random-s40_d0.15,300,0,45,151280329,151.280329
SRSLM,block_both,random-s40_d0.15,300,0,46,134927757,134.927757
SRSLM,block_both,random-s40_d0.15,300,0,47,177209284,177.209284
SRSLM,block_both,random-s40_d0.15,300,0,48,173796793,173.796793
SRSLM,block_both,random-s40_d0.15,300,0,49,171402793,171.402793
SRSLM,block_both,random-s40_d0.15,300,0,50,181367185,181.367185
SRSLM,block_both,random-s40_d0.15,300,0,51,165524283,165.524283
SRSLM,block_both,random-s40_d0.15,300,0,52,156082440,156.08244
SRSLM,block_both,random-s40_d0.15,300,0,53,197383128,197.383128
SRSLM,block_both,random-s40_d0.15,300,0,54,184030356,184.030356
SRSLM,block_both,random-s40_d0.15,300,0,55,200784939,200.784939
SRSLM,block_both,random-s40_d0.15,300,0,56,190430767,190.430767
SRSLM,block_both,random-s40_d0.15,300,0,57,161755402,161.755402
SRSLM,block_both,random-s40_d0.15,300,0,58,175627305,175.627305
SRSLM,block_both,random-s40_d0.15,300,0,59,180054465,180.054465
SRSLM,block_both,random-s40_d0.15,300,0,60,153041259,153.041259
SRSLM,block_both,random-s40_d0.15,300,0,61,180018065,180.018065
SRSLM,block_both,random-s40_d0.15,300,0,62,153587720,153.58772
SRSLM,block_both,random-s40_d0.15,300,0,63,193715108,193.715108
SRSLM,block_both,random-s40_d0.15,300,0,64,195274518,195.274518
SRSLM,block_both,random-s40_d0.15,300,0,65,168623603,168.623603
SRSLM,block_both,random-s40_d0.15,300,0,66,153321560,153.32156
SRSLM,block_both,random-s40_d0.15,300,0,67,137691037,137.691037
SRSLM,block_both,random-s40_d0.15,300,0,68,140979907,140.979907
SRSLM,block_both,random-s40_d0.15,300,0,69,171001254,171.001254
SRSLM,block_both,random-s40_d0.15,300,0,70,161506121,161.506121
SRSLM,block_both,random-s40_d0.15,300,0,71,136461326,136.461326
SRSLM,block_both,random-s40_d0.15,300,0,72,141727548,141.727548
SRSLM,block_both,random-s40_d0.15,300,0,73,134956267,134.956267
SRSLM,block_both,random-s40_d0.15,300,0,74,134384586,134.384586
SRSLM,block_both,random-s40_d0.15,300,0,75,167425883,167.425883
SRSLM,block_both,random-s40_d0.15,300,0,76,145204448,145.204448
SRSLM,block_both,random-s40_d0.15,300,0,77,141797727,141.797727
SRSLM,block_both,random-s40_d0.15,300,0,78,141196677,141.196677
SRSLM,block_both,random-s40_d0.15,300,0,79,142893287,142.893287
SRSLM,block_both,random-s40_d0.15,300,0,80,153883710,153.88371
SRSLM,block_both,random-s40_d0.15,600,0,17,350938508,350.938508
SRSLM,block_both,random-s40_d0.15,600,0,18,359879730,359.87973
SRSLM,block_both,random-s40_d0.15,600,0,19,312582320,312.58232
SRSLM,block_both,random-s40_d0.15,600,0,20,324965783,324.965783
SRSLM,block_both,random-s40_d0.15,600,0,21,311869510,311.86951
SRSLM,block_both,random-s40_d0.15,600,0,22,360465360,360.46536
SRSLM,block_both,random-s40_d0.15,600,0,23,332589625,332.589625
SRSLM,block_both,random-s40_d0.15,600,0,24,312002971,312.002971
SRSLM,block_both,random-s40_d0.15,600,0,25,310749920,310.74992
SRSLM,block_both,random-s40_d0.15,600,0,26,387733816,387.733816
SRSLM,block_both,random-s40_d0.15,600,0,27,320108782,320.108782
SRSLM,block_both,random-s40_d0.15,600,0,28,332866634,332.866634
SRSLM,block_both,random-s40_d0.15,600,0,29,323666193,323.666193
SRSLM,block_both,random-s40_d0.15,600,0,30,339922216,339.922216
SRSLM,block_both,random-s40_d0.15,600,0,31,359007260,359.00726
SRSLM,block_both,random-s40_d0.15,600,0,32,346842607,346.842607
SRSLM,block_both,random-s40_d0.15,600,0,33,355685349,355.685349
SRSLM,block_both,random-s40_d0.15,600,0,34,373418762,373.418762
SRSLM,block_both,random-s40_d0.15,600,0,35,321154723,321.154723
SRSLM,block_both,random-s40_d0.15,600,0,36,352367268,352.367268
SRSLM,block_both,random-s40_d0.15,600,0,37,392660087,392.660087
SRSLM,block_both,random-s40_d0.15,600,0,38,347108198,347.108198
SRSLM,block_both,random-s40_d0.15,600,0,39,315100781,315.100781
SRSLM,block_both,random-s40_d0.15,600,0,40,351711369,351.711369
SRSLM,block_both,random-s40_d0.15,600,0,41,329643814,329.643814
SRSLM,block_both,random-s40_d0.15,600,0,42,309780060,309.78006
SRSLM,block_both,random-s40_d0.15,600,0,43,320891452,320.891452
SRSLM,block_both,random-s40_d0.15,600,0,44,318036842,318.036842
SRSLM,block_both,random-s40_d0.15,600,0,45,309489850,309.48985
SRSLM,block_both,random-s40_d0.15,600,0,46,307860570,307.86057
SRSLM,block_both,random-s40_d0.15,600,0,47,355155479,355.155479
SRSLM,block_both,random-s40_d0.15,600,0,48,363738241,363.738241
SRSLM,block_both,random-s40_d0.15,600,0,49,321919692,321.919692
SRSLM,block_both,random-s40_d0.15,600,0,50,320910142,320.910142
SRSLM,block_both,random-s40_d0.15,600,0,51,345149477,345.149477
SRSLM,block_both,random-s40_d0.15,600,0,52,292034317,292.034317
SRSLM,block_both,random-s40_d0.15,600,0,53,274643773,274.643773
SRSLM,block_both,random-s40_d0.15,600,0,54,311688381,311.688381
SRSLM,block_both,random-s40_d0.15,600,0,55,315576111,315.576111
SRSLM,block_both,random-s40_d0.15,600,0,56,346101908,346.101908
SRSLM,block_both,random-s40_d0.15,600,0,57,302460689,302.460689
SRSLM,block_both,random-s40_d0.15,600,0,58,315738771,315.738771
SRSLM,block_both,random-s40_d0.15,600,0,59,299351138,299.351138
SRSLM,block_both,random-s40_d0.15,600,0,60,272982793,272.982793
SRSLM,block_both,random-s40_d0.15,600,0,61,344107117,344.107117
SRSLM,block_both,random-s40_d0.15,600,0,62,302032799,302.032799
SRSLM,block_both,random-s40_d0.15,600,0,63,340299806,340.299806
SRSLM,block_both,random-s40_d0.15,600,0,64,302740219,302.740219
SRSLM,block_both,random-s40_d0.15,600,0,65,333552125,333.552125
SRSLM,block_both,random-s40_d0.15,600,0,66,310801211,310.801211
SRSLM,block_both,random-s40_d0.15,600,0,67,297676358,297.676358
SRSLM,block_both,random-s40_d0.15,600,0,68,298159168,298.159168
SRSLM,block_both,random-s40_d0.15,600,0,69,316105722,316.105722
SRSLM,block_both,random-s40_d0.15,600,0,70,371810242,371.810242
SRSLM,block_both,random-s40_d0.15,600,0,71,306459049,306.459049
SRSLM,block_both,random-s40_d0.15,600,0,72,306528879,306.528879
SRSLM,block_both,random-s40_d0.15,600,0,73,320419093,320.419093
SRSLM,block_both,random-s40_d0.15,600,0,74,321323192,321.323192
SRSLM,block_both,random-s40_d0.15,600,0,75,282955815,282.955815
SRSLM,block_both,random-s40_d0.15,600,0,76,338493616,338.493616
SRSLM,block_both,random-s40_d0.15,600,0,77,314248431,314.248431
SRSLM,block_both,random-s40_d0.15,600,0,78,312382680,312.38268
SRSLM,block_both,random-s40_d0.15,600,0,79,296082108,296.082108
SRSLM,block_both,random-s40_d0.15,600,0,80,307852410,307.85241
SRSLM,soft,random-s40_d0.15,100,0,17,44726739,44.726739
SRSLM,soft,random-s40_d0.15,100,0,18,43938698,43.938698
SRSLM,soft,random-s40_d0.15,100,0,19,43089688,43.089688
SRSLM,soft,random-s40_d0.15,100,0,20,44032649,44.032649
SRSLM,soft,random-s40_d0.15,100,0,21,42684839,42.684839
SRSLM,soft,random-s40_d0.15,100,0,22,42671019,42.671019
SRSLM,soft,random-s40_d0.15,100,0,23,43353639,43.353639
SRSLM,soft,random-s40_d0.15,100,0,24,41057227,41.057227
SRSLM,soft,random-s40_d0.15,100,0,25,48713489,48.713489
SRSLM,soft,random-s40_d0.15,100,0,26,43407689,43.407689
SRSLM,soft,random-s40_d0.15,100,0,27,42378388,42.378388
SRSLM,soft,random-s40_d0.15,100,0,28,41307808,41.307808
SRSLM,soft,random-s40_d0.15,100,0,29,55338361,55.338361
SRSLM,soft,random-s40_d0.15,100,0,30,50128820,50.12882
SRSLM,soft,random-s40_d0.15,100,0,31,50227529,50.227529
SRSLM,soft,random-s40_d0.15,100,0,32,56899921,56.899921
SRSLM,soft,random-s40_d0.15,100,0,33,51539550,51.53955
SRSLM,soft,random-s40_d0.15,100,0,34,50439930,50.43993
SRSLM,soft,random-s40_d0.15,100,0,35,43242639,43.242639
SRSLM,soft,random-s40_d0.15,100,0,36,42656139,42.656139
SRSLM,soft,random-s40_d0.15,100,0,37,49676239,49.676239
SRSLM,soft,random-s40_d0.15,100,0,38,42272908,42.272908
SRSLM,soft,random-s40_d0.15,100,0,39,41976019,41.976019
SRSLM,soft,random-s40_d0.15,100,0,40,48295730,48.29573
SRSLM,soft,random-s40_d0.15,100,0,41,41715308,41.715308
SRSLM,soft,random-s40_d0.15,100,0,42,40920798,40.920798
SRSLM,soft,random-s40_d0.15,100,0,43,47914730,47.91473
SRSLM,soft,random-s40_d0.15,100,0,44,42168278,42.168278
SRSLM,soft,random-s40_d0.15,100,0,45,42198859,42.198859
SRSLM,soft,random-s40_d0.15,100,0,46,40930118,40.930118
SRSLM,soft,random-s40_d0.15,100,0,47,57244951,57.244951
SRSLM,soft,random-s40_d0.15,100,0,48,50158880,50.15888
SRSLM,soft,random-s40_d0.15,100,0,49,42971678,42.971678
SRSLM,soft,random-s40_d0.15,100,0,50,50295170,50.29517
SRSLM,soft,random-s40_d0.15,100,0,51,44499199,44.499199
SRSLM,soft,random-s40_d0.15,100,0,52,42640979,42.640979
SRSLM,soft,random-s40_d0.15,100,0,53,42751258,42.751258
SRSLM,soft,random-s40_d0.15,100,0,54,42649568,42.649568
SRSLM,soft,random-s40_d0.15,100,0,55,43372709,43.372709
SRSLM,soft,random-s40_d0.15,100,0,56,48883529,48.883529
SRSLM,soft,random-s40_d0.15,100,0,57,50123390,50.12339
SRSLM,soft,random-s40_d0.15,100,0,58,50562390,50.56239
SRSLM,soft,random-s40_d0.15,100,0,59,48939969,48.939969
SRSLM,soft,random-s40_d0.15,100,0,60,50917119,50.917119
SRSLM,soft,random-s40_d0.15,100,0,61,49142869,49.142869
SRSLM,soft,random-s40_d0.15,100,0,62,48549949,48.549949
SRSLM,soft,random-s40_d0.15,100,0,63,41800178,41.800178
SRSLM,soft,random-s40_d0.15,100,0,64,47877129,47.877129
SRSLM,soft,random-s40_d0.15,100,0,65,41665838,41.665838
SRSLM,soft,random-s40_d0.15,100,0,66,48587730,48.58773
SRSLM,soft,random-s40_d0.15,100,0,67,53206610,53.20661
SRSLM,soft,random-s40_d0.15,100,0,68,49205150,49.20515
SRSLM,soft,random-s40_d0.15,100,0,69,51369150,51.36915
SRSLM,soft,random-s40_d0.15,100,0,70,50205540,50.20554
SRSLM,soft,random-s40_d0.15,100,0,71,44100129,44.100129
SRSLM,soft,random-s40_d0.15,100,0,72,48744529,48.744529
SRSLM,soft,random-s40_d0.15,100,0,73,42016598,42.016598
SRSLM,soft,random-s40_d0.15,100,0,74,47716750,47.71675
SRSLM,soft,random-s40_d0.15,100,0,75,41188569,41.188569
SRSLM,soft,random-s40_d0.15,100,0,76,48884500,48.8845
SRSLM,soft,random-s40_d0.15,100,0,77,42637008,42.637008
SRSLM,soft,random-s40_d0.15,100,0,78,41311108,41.311108
SRSLM,soft,random-s40_d0.15,100,0,79,49447970,49.44797
SRSLM,soft,random-s40_d0.15,100,0,80,52208360,52.20836
SRSLM,soft,random-s40_d0.15,300,0,17,162156262,162.156262
SRSLM,soft,random-s40_d0.15,300,0,18,150809621,150.809621
SRSLM,soft,random-s40_d0.15,300,0,19,131703327,131.703327
SRSLM,soft,random-s40_d0.15,300,0,20,161559833,161.559833
SRSLM,soft,random-s40_d0.15,300,0,21,151568022,151.568022
SRSLM,soft,random-s40_d0.15,300,0,22,154037312,154.037312
SRSLM,soft,random-s40_d0.15,300,0,23,138395579,138.395579
SRSLM,soft,random-s40_d0.15,300,0,24,132342258,132.342258
SRSLM,soft,random-s40_d0.15,300,0,25,174981556,174.981556
SRSLM,soft,random-s40_d0.15,300,0,26,174919406,174.919406
SRSLM,soft,random-s40_d0.15,300,0,27,171626045,171.626045
SRSLM,soft,random-s40_d0.15,300,0,28,146626381,146.626381
SRSLM,soft,random-s40_d0.15,300,0,29,132375978,132.375978
SRSLM,soft,random-s40_d0.15,300,0,30,131585867,131.585867
SRSLM,soft,random-s40_d0.15,300,0,31,159740313,159.740313
SRSLM,soft,random-s40_d0.15,300,0,32,148343971,148.343971
SRSLM,soft,random-s40_d0.15,300,0,33,154194062,154.194062
SRSLM,soft,random-s40_d0.15,300,0,34,153439431,153.439431
SRSLM,soft,random-s40_d0.15,300,0,35,158596263,158.596263
SRSLM,soft,random-s40_d0.15,300,0,36,160251213,160.251213
SRSLM,soft,random-s40_d0.15,300,0,37,164450674,164.450674
SRSLM,soft,random-s40_d0.15,300,0,38,166126454,166.126454
SRSLM,soft,random-s40_d0.15,300,0,39,169875215,169.875215
SRSLM,soft,random-s40_d0.15,300,0,40,159636123,159.636123
SRSLM,soft,random-s40_d0.15,300,0,41,163982745,163.982745
SRSLM,soft,random-s40_d0.15,300,0,42,160210013,160.210013
SRSLM,soft,random-s40_d0.15,300,0,43,147839971,147.839971
SRSLM,soft,random-s40_d0.15,300,0,44,172948696,172.948696
SRSLM,soft,random-s40_d0.15,300,0,45,156682713,156.682713
SRSLM,soft,random-s40_d0.15,300,0,46,160082853,160.082853
SRSLM,soft,random-s40_d0.15,300,0,47,167178954,167.178954
SRSLM,soft,random-s40_d0.15,300,0,48,168336775,168.336775
SRSLM,soft,random-s40_d0.15,300,0,49,161195223,161.195223
SRSLM,soft,random-s40_d0.15,300,0,50,166195804,166.195804
SRSLM,soft,random-s40_d0.15,300,0,51,159183013,159.183013
SRSLM,soft,random-s40_d0.15,300,0,52,146968970,146.96897
SRSLM,soft,random-s40_d0.15,300,0,53,149306031,149.306031
SRSLM,soft,random-s40_d0.15,300,0,54,147311711,147.311711
SRSLM,soft,random-s40_d0.15,300,0,55,153524912,153.524912
SRSLM,soft,random-s40_d0.15,300,0,56,165981705,165.981705
SRSLM,soft,random-s40_d0.15,300,0,57,163229373,163.229373
SRSLM,soft,random-s40_d0.15,300,0,58,153482912,153.482912
SRSLM,soft,random-s40_d0.15,300,0,59,160008273,160.008273
SRSLM,soft,random-s40_d0.15,300,0,60,151596091,151.596091
SRSLM,soft,random-s40_d0.15,300,0,61,139125949,139.125949
SRSLM,soft,random-s40_d0.15,300,0,62,122651905,122.651905
SRSLM,soft,random-s40_d0.15,300,0,63,155087062,155.087062
SRSLM,soft,random-s40_d0.15,300,0,64,153122282,153.122282
SRSLM,soft,random-s40_d0.15,300,0,65,143016210,143.01621
SRSLM,soft,random-s40_d0.15,300,0,66,152456432,152.456432
SRSLM,soft,random-s40_d0.15,300,0,67,169236855,169.236855
SRSLM,soft,random-s40_d0.15,300,0,68,169399575,169.399575
SRSLM,soft,random-s40_d0.15,300,0,69,207842184,207.842184
SRSLM,soft,random-s40_d0.15,300,0,70,162579274,162.579274
SRSLM,soft,random-s40_d0.15,300,0,71,150091302,150.091302
SRSLM,soft,random-s40_d0.15,300,0,72,187609189,187.609189
SRSLM,soft,random-s40_d0.15,300,0,73,168221025,168.221025
SRSLM,soft,random-s40_d0.15,300,0,74,187251149,187.251149
SRSLM,soft,random-s40_d0.15,300,0,75,179789617,179.789617
SRSLM,soft,random-s40_d0.15,300,0,76,182319518,182.319518
SRSLM,soft,random-s40_d0.15,300,0,77,159202103,159.202103
SRSLM,soft,random-s40_d0.15,300,0,78,155348012,155.348012
SRSLM,soft,random-s40_d0.15,300,0,79,152892701,152.892701
SRSLM,soft,random-s40_d0.15,300,0,80,137723249,137.723249
SRSLM,soft,random-s40_d0.15,600,0,17,316489596,316.489596
SRSLM,soft,random-s40_d0.15,600,0,18,343729272,343.729272
SRSLM,soft,random-s40_d0.15,600,0,19,335160299,335.160299
SRSLM,soft,random-s40_d0.15,600,0,20,363223626,363.223626
SRSLM,soft,random-s40_d0.15,600,0,21,336868740,336.86874
SRSLM,soft,random-s40_d0.15,600,0,22,335604639,335.604639
SRSLM,soft,random-s40_d0.15,600,0,23,306488774,306.488774
SRSLM,soft,random-s40_d0.15,600,0,24,343988331,343.988331
SRSLM,soft,random-s40_d0.15,600,0,25,311003984,311.003984
SRSLM,soft,random-s40_d0.15,600,0,26,328173478,328.173478
SRSLM,soft,random-s40_d0.15,600,0,27,290573850,290.57385
SRSLM,soft,random-s40_d0.15,600,0,28,297408801,297.408801
SRSLM,soft,random-s40_d0.15,600,0,29,329542358,329.542358
SRSLM,soft,random-s40_d0.15,600,0,30,281138358,281.138358
SRSLM,soft,random-s40_d0.15,600,0,31,326980888,326.980888
SRSLM,soft,random-s40_d0.15,600,0,32,310804214,310.804214
SRSLM,soft,random-s40_d0.15,600,0,33,297616481,297.616481
SRSLM,soft,random-s40_d0.15,600,0,34,290629620,290.62962
SRSLM,soft,random-s40_d0.15,600,0,35,316966186,316.966186
SRSLM,soft,random-s40_d0.15,600,0,36,301929063,301.929063
SRSLM,soft,random-s40_d0.15,600,0,37,276234547,276.234547
SRSLM,soft,random-s40_d0.15,600,0,38,321959967,321.959967
SRSLM,soft,random-s40_d0.15,600,0,39,298540432,298.540432
SRSLM,soft,random-s40_d0.15,600,0,40,303943664,303.943664
SRSLM,soft,random-s40_d0.15,600,0,41,293424081,293.424081
SRSLM,soft,random-s40_d0.15,600,0,42,325906728,325.906728
SRSLM,soft,random-s40_d0.15,600,0,43,367966317,367.966317
SRSLM,soft,random-s40_d0.15,600,0,44,352723794,352.723794
SRSLM,soft,random-s40_d0.15,600,0,45,312571005,312.571005
SRSLM,soft,random-s40_d0.15,600,0,46,333724919,333.724919
SRSLM,soft,random-s40_d0.15,600,0,47,307721333,307.721333
SRSLM,soft,random-s40_d0.15,600,0,48,335979430,335.97943
SRSLM,soft,random-s40_d0.15,600,0,49,299532473,299.532473
SRSLM,soft,random-s40_d0.15,600,0,50,306185473,306.185473
SRSLM,soft,random-s40_d0.15,600,0,51,343684742,343.684742
SRSLM,soft,random-s40_d0.15,600,0,52,367542346,367.542346
SRSLM,soft,random-s40_d0.15,600,0,53,308465984,308.465984
SRSLM,soft,random-s40_d0.15,600,0,54,319913387,319.913387
SRSLM,soft,random-s40_d0.15,600,0,55,338698111,338.698111
SRSLM,soft,random-s40_d0.15,600,0,56,353710053,353.710053
SRSLM,soft,random-s40_d0.15,600,0,57,379391219,379.391219
SRSLM,soft,random-s40_d0.15,600,0,58,324732278,324.732278
SRSLM,soft,random-s40_d0.15,600,0,59,369887637,369.887637
SRSLM,soft,random-s40_d0.15,600,0,60,342272111,342.272111
SRSLM,soft,random-s40_d0.15,600,0,61,340397641,340.397641
SRSLM,soft,random-s40_d0.15,600,0,62,349367042,349.367042
SRSLM,soft,random-s40_d0.15,600,0,63,327489458,327.489458
SRSLM,soft,random-s40_d0.15,600,0,64,354402274,354.402274
SRSLM,soft,random-s40_d0.15,600,0,65,356677674,356.677674
SRSLM,soft,random-s40_d0.15,600,0,66,334654560,334.65456
SRSLM,soft,random-s40_d0.15,600,0,67,307981383,307.981383
SRSLM,soft,random-s40_d0.15,600,0,68,325754978,325.754978
SRSLM,soft,random-s40_d0.15,600,0,69,335729180,335.72918
SRSLM,soft,random-s40_d0.15,600,0,70,408971445,408.971445
SRSLM,soft,random-s40_d0.15,600,0,71,318855846,318.855846
SRSLM,soft,random-s40_d0.15,600,0,72,322903567,322.903567
SRSLM,soft,random-s40_d0.15,600,0,73,310166375,310.166375
SRSLM,soft,random-s40_d0.15,600,0,74,327851658,327.851658
SRSLM,soft,random-s40_d0.15,600,0,75,367452716,367.452716
SRSLM,soft,random-s40_d0.15,600,0,76,334596310,334.59631
SRSLM,soft,random-s40_d0.15,600,0,77,381412899,381.412899
SRSLM,soft,random-s40_d0.15,600,0,78,370315177,370.315177
SRSLM,soft,random-s40_d0.15,600,0,79,329790128,329.790128
SRSLM,soft,random-s40_d0.15,600,0,80,392445781,392.445781
PIBT,block_both,random-s40_d0.15,100,0,17,11655433,11.655433
PIBT,block_both,random-s40_d0.15,100,0,18,10414373,10.414373
PIBT,block_both,random-s40_d0.15,100,0,19,1474580,1.47458
PIBT,block_both,random-s40_d0.15,100,0,20,14921823,14.921823
PIBT,block_both,random-s40_d0.15,100,0,21,1464190,1.46419
PIBT,block_both,random-s40_d0.15,100,0,22,18539184,18.539184
PIBT,block_both,random-s40_d0.15,100,0,23,3000451,3.000451
PIBT,block_both,random-s40_d0.15,100,0,24,1439070,1.43907
PIBT,block_both,random-s40_d0.15,100,0,25,16505233,16.505233
PIBT,block_both,random-s40_d0.15,100,0,26,4603081,4.603081
PIBT,block_both,random-s40_d0.15,100,0,27,6298552,6.298552
PIBT,block_both,random-s40_d0.15,100,0,28,9452962,9.452962
PIBT,block_both,random-s40_d0.15,100,0,29,20419144,20.419144
PIBT,block_both,random-s40_d0.15,100,0,30,22685325,22.685325
PIBT,block_both,random-s40_d0.15,100,0,31,1444320,1.44432
PIBT,block_both,random-s40_d0.15,100,0,32,1404461,1.404461
PIBT,block_both,random-s40_d0.15,100,0,33,12947513,12.947513
PIBT,block_both,random-s40_d0.15,100,0,34,5448681,5.448681
PIBT,block_both,random-s40_d0.15,100,0,35,11259402,11.259402
PIBT,block_both,random-s40_d0.15,100,0,36,11515613,11.515613
PIBT,block_both,random-s40_d0.15,100,0,37,23881925,23.881925
PIBT,block_both,random-s40_d0.15,100,0,38,23144235,23.144235
PIBT,block_both,random-s40_d0.15,100,0,39,3362191,3.362191
PIBT,block_both,random-s40_d0.15,100,0,40,12291972,12.291972
PIBT,block_both,random-s40_d0.15,100,0,41,8365972,8.365972
PIBT,block_both,random-s40_d0.15,100,0,42,17767894,17.767894
PIBT,block_both,random-s40_d0.15,100,0,43,30097776,30.097776
PIBT,block_both,random-s40_d0.15,100,0,44,22123384,22.123384
PIBT,block_both,random-s40_d0.15,100,0,45,8773092,8.773092
PIBT,block_both,random-s40_d0.15,100,0,46,16450033,16.450033
PIBT,block_both,random-s40_d0.15,100,0,47,15353053,15.353053
PIBT,block_both,random-s40_d0.15,100,0,48,13429303,13.429303
PIBT,block_both,random-s40_d0.15,100,0,49,13861223,13.861223
PIBT,block_both,random-s40_d0.15,100,0,50,5482171,5.482171
PIBT,block_both,random-s40_d0.15,100,0,51,13457633,13.457633
PIBT,block_both,random-s40_d0.15,100,0,52,1585610,1.58561
PIBT,block_both,random-s40_d0.15,100,0,53,1999380,1.99938
PIBT,block_both,random-s40_d0.15,100,0,54,6839701,6.839701
PIBT,block_both,random-s40_d0.15,100,0,55,48940340,48.94034
PIBT,block_both,random-s40_d0.15,100,0,56,17877284,17.877284
PIBT,block_both,random-s40_d0.15,100,0,57,5660861,5.660861
PIBT,block_both,random-s40_d0.15,100,0,58,2956561,2.956561
PIBT,block_both,random-s40_d0.15,100,0,59,3367950,3.36795
PIBT,block_both,random-s40_d0.15,100,0,60,27055346,27.055346
PIBT,block_both,random-s40_d0.15,100,0,61,7961312,7.961312
PIBT,block_both,random-s40_d0.15,100,0,62,18748874,18.748874
PIBT,block_both,random-s40_d0.15,100,0,63,13668753,13.668753
PIBT,block_both,random-s40_d0.15,100,0,64,14242243,14.242243
PIBT,block_both,random-s40_d0.15,100,0,65,14559713,14.559713
PIBT,block_both,random-s40_d0.15,100,0,66,18587233,18.587233
PIBT,block_both,random-s40_d0.15,100,0,67,13754822,13.754822
PIBT,block_both,random-s40_d0.15,100,0,68,16847663,16.847663
PIBT,block_both,random-s40_d0.15,100,0,69,12273613,12.273613
PIBT,block_both,random-s40_d0.15,100,0,70,11863313,11.863313
PIBT,block_both,random-s40_d0.15,100,0,71,11250792,11.250792
PIBT,block_both,random-s40_d0.15,100,0,72,1780630,1.78063
PIBT,block_both,random-s40_d0.15,100,0,73,6266641,6.266641
PIBT,block_both,random-s40_d0.15,100,0,74,1475850,1.47585
PIBT,block_both,random-s40_d0.15,100,0,75,27490505,27.490505
PIBT,block_both,random-s40_d0.15,100,0,76,25201525,25.201525
PIBT,block_both,random-s40_d0.15,100,0,77,19753114,19.753114
PIBT,block_both,random-s40_d0.15,100,0,78,6471042,6.471042
PIBT,block_both,random-s40_d0.15,100,0,79,19076124,19.076124
PIBT,block_both,random-s40_d0.15,100,0,80,25446475,25.446475
PIBT,block_both,random-s40_d0.15,300,0,17,20795284,20.795284
PIBT,block_both,random-s40_d0.15,300,0,18,6511501,6.511501
PIBT,block_both,random-s40_d0.15,300,0,19,16507053,16.507053
PIBT,block_both,random-s40_d0.15,300,0,20,27295505,27.295505
PIBT,block_both,random-s40_d0.15,300,0,21,11998333,11.998333
PIBT,block_both,random-s40_d0.15,300,0,22,27905986,27.905986
PIBT,block_both,random-s40_d0.15,300,0,23,14398733,14.398733
PIBT,block_both,random-s40_d0.15,300,0,24,14666273,14.666273
PIBT,block_both,random-s40_d0.15,300,0,25,11601702,11.601702
PIBT,block_both,random-s40_d0.15,300,0,26,22886755,22.886755
PIBT,block_both,random-s40_d0.15,300,0,27,28369286,28.369286
PIBT,block_both,random-s40_d0.15,300,0,28,13969603,13.969603
PIBT,block_both,random-s40_d0.15,300,0,29,7061021,7.061021
PIBT,block_both,random-s40_d0.15,300,0,30,5075071,5.075071
PIBT,block_both,random-s40_d0.15,300,0,31,18124693,18.124693
PIBT,block_both,random-s40_d0.15,300,0,32,41544419,41.544419
PIBT,block_both,random-s40_d0.15,300,0,33,47008820,47.00882
PIBT,block_both,random-s40_d0.15,300,0,34,9300752,9.300752
PIBT,block_both,random-s40_d0.15,300,0,35,35487857,35.487857
PIBT,block_both,random-s40_d0.15,300,0,36,19225904,19.225904
PIBT,block_both,random-s40_d0.15,300,0,37,17886314,17.886314
PIBT,block_both,random-s40_d0.15,300,0,38,42911499,42.911499
PIBT,block_both,random-s40_d0.15,300,0,39,35010018,35.010018
PIBT,block_both,random-s40_d0.15,300,0,40,40406179,40.406179
PIBT,block_both,random-s40_d0.15,300,0,41,27232056,27.232056
PIBT,block_both,random-s40_d0.15,300,0,42,73270165,73.270165
PIBT,block_both,random-s40_d0.15,300,0,43,29733026,29.733026
PIBT,block_both,random-s40_d0.15,300,0,44,31549457,31.549457
PIBT,block_both,random-s40_d0.15,300,0,45,28481566,28.481566
PIBT,block_both,random-s40_d0.15,300,0,46,24381395,24.381395
PIBT,block_both,random-s40_d0.15,300,0,47,38591768,38.591768
PIBT,block_both,random-s40_d0.15,300,0,48,40503559,40.503559
PIBT,block_both,random-s40_d0.15,300,0,49,8317451,8.317451
PIBT,block_both,random-s40_d0.15,300,0,50,30580766,30.580766
PIBT,block_both,random-s40_d0.15,300,0,51,4615081,4.615081
PIBT,block_both,random-s40_d0.15,300,0,52,44757419,44.757419
PIBT,block_both,random-s40_d0.15,300,0,53,30158196,30.158196
PIBT,block_both,random-s40_d0.15,300,0,54,25167205,25.167205
PIBT,block_both,random-s40_d0.15,300,0,55,38445058,38.445058
PIBT,block_both,random-s40_d0.15,300,0,56,12196832,12.196832
PIBT,block_both,random-s40_d0.15,300,0,57,24061425,24.061425
PIBT,block_both,random-s40_d0.15,300,0,58,30530317,30.530317
PIBT,block_both,random-s40_d0.15,300,0,59,36567927,36.567927
PIBT,block_both,random-s40_d0.15,300,0,60,43180339,43.180339
PIBT,block_both,random-s40_d0.15,300,0,61,41400769,41.400769
PIBT,block_both,random-s40_d0.15,300,0,62,19271994,19.271994
PIBT,block_both,random-s40_d0.15,300,0,63,33916477,33.916477
PIBT,block_both,random-s40_d0.15,300,0,64,15793733,15.793733
PIBT,block_both,random-s40_d0.15,300,0,65,25102695,25.102695
PIBT,block_both,random-s40_d0.15,300,0,66,16517133,16.517133
PIBT,block_both,random-s40_d0.15,300,0,67,26066565,26.066565
PIBT,block_both,random-s40_d0.15,300,0,68,21019874,21.019874
PIBT,block_both,random-s40_d0.15,300,0,69,16718494,16.718494
PIBT,block_both,random-s40_d0.15,300,0,70,12501462,12.501462
PIBT,block_both,random-s40_d0.15,300,0,71,23981105,23.981105
PIBT,block_both,random-s40_d0.15,300,0,72,45405089,45.405089
PIBT,block_both,random-s40_d0.15,300,0,73,42715619,42.715619
PIBT,block_both,random-s40_d0.15,300,0,74,15321283,15.321283
PIBT,block_both,random-s40_d0.15,300,0,75,39751248,39.751248
PIBT,block_both,random-s40_d0.15,300,0,76,11304712,11.304712
PIBT,block_both,random-s40_d0.15,300,0,77,36240737,36.240737
PIBT,block_both,random-s40_d0.15,300,0,78,47844590,47.84459
PIBT,block_both,random-s40_d0.15,300,0,79,19071444,19.071444
PIBT,block_both,random-s40_d0.15,300,0,80,12256282,12.256282
PIBT,block_both,random-s40_d0.15,600,0,17,32551407,32.551407
PIBT,block_both,random-s40_d0.15,600,0,18,28660546,28.660546
PIBT,block_both,random-s40_d0.15,600,0,19,26911456,26.911456
PIBT,block_both,random-s40_d0.15,600,0,20,19978194,19.978194
PIBT,block_both,random-s40_d0.15,600,0,21,9807852,9.807852
PIBT,block_both,random-s40_d0.15,600,0,22,18452014,18.452014
PIBT,block_both,random-s40_d0.15,600,0,23,12217933,12.217933
PIBT,block_both,random-s40_d0.15,600,0,24,24948865,24.948865
PIBT,block_both,random-s40_d0.15,600,0,25,31242347,31.242347
PIBT,block_both,random-s40_d0.15,600,0,26,35703467,35.703467
PIBT,block_both,random-s40_d0.15,600,0,27,8719802,8.719802
PIBT,block_both,random-s40_d0.15,600,0,28,19261404,19.261404
PIBT,block_both,random-s40_d0.15,600,0,29,22774545,22.774545
PIBT,block_both,random-s40_d0.15,600,0,30,33227317,33.227317
PIBT,block_both,random-s40_d0.15,600,0,31,29662136,29.662136
PIBT,block_both,random-s40_d0.15,600,0,32,9379702,9.379702
PIBT,block_both,random-s40_d0.15,600,0,33,21912185,21.912185
PIBT,block_both,random-s40_d0.15,600,0,34,32123367,32.123367
PIBT,block_both,random-s40_d0.15,600,0,35,32011047,32.011047
PIBT,block_both,random-s40_d0.15,600,0,36,30740836,30.740836
PIBT,block_both,random-s40_d0.15,600,0,37,17543184,17.543184
PIBT,block_both,random-s40_d0.15,600,0,38,29670196,29.670196
PIBT,block_both,random-s40_d0.15,600,0,39,21725244,21.725244
PIBT,block_both,random-s40_d0.15,600,0,40,50614740,50.61474
PIBT,block_both,random-s40_d0.15,600,0,41,36155357,36.155357
PIBT,block_both,random-s40_d0.15,600,0,42,33217917,33.217917
PIBT,block_both,random-s40_d0.15,600,0,43,32125986,32.125986
PIBT,block_both,random-s40_d0.15,600,0,44,45349150,45.34915
PIBT,block_both,random-s40_d0.15,600,0,45,23256105,23.256105
PIBT,block_both,random-s40_d0.15,600,0,46,20153174,20.153174
PIBT,block_both,random-s40_d0.15,600,0,47,25082765,25.082765
PIBT,block_both,random-s40_d0.15,600,0,48,18895513,18.895513
PIBT,block_both,random-s40_d0.15,600,0,49,36679398,36.679398
PIBT,block_both,random-s40_d0.15,600,0,50,37038638,37.038638
PIBT,block_both,random-s40_d0.15,600,0,51,40030148,40.030148
PIBT,block_both,random-s40_d0.15,600,0,52,52654751,52.654751
PIBT,block_both,random-s40_d0.15,600,0,53,68271734,68.271734
PIBT,block_both,random-s40_d0.15,600,0,54,31865987,31.865987
PIBT,block_both,random-s40_d0.15,600,0,55,39072358,39.072358
PIBT,block_both,random-s40_d0.15,600,0,56,35769258,35.769258
PIBT,block_both,random-s40_d0.15,600,0,57,36369798,36.369798
PIBT,block_both,random-s40_d0.15,600,0,58,18605484,18.605484
PIBT,block_both,random-s40_d0.15,600,0,59,34033347,34.033347
PIBT,block_both,random-s40_d0.15,600,0,60,18926873,18.926873
PIBT,block_both,random-s40_d0.15,600,0,61,39802988,39.802988
PIBT,block_both,random-s40_d0.15,600,0,62,56563262,56.563262
PIBT,block_both,random-s40_d0.15,600,0,63,15063983,15.063983
PIBT,block_both,random-s40_d0.15,600,0,64,25967455,25.967455
PIBT,block_both,random-s40_d0.15,600,0,65,28282016,28.282016
PIBT,block_both,random-s40_d0.15,600,0,66,83214437,83.214437
PIBT,block_both,random-s40_d0.15,600,0,67,68505524,68.505524
PIBT,block_both,random-s40_d0.15,600,0,68,40639418,40.639418
PIBT,block_both,random-s40_d0.15,600,0,69,10282012,10.282012
PIBT,block_both,random-s40_d0.15,600,0,70,37511788,37.511788
PIBT,block_both,random-s40_d0.15,600,0,71,17725253,17.725253
PIBT,block_both,random-s40_d0.15,600,0,72,79426337,79.426337
PIBT,block_both,random-s40_d0.15,600,0,73,17455113,17.455113
PIBT,block_both,random-s40_d0.15,600,0,74,65879644,65.879644
PIBT,block_both,random-s40_d0.15,600,0,75,59103223,59.103223
PIBT,block_both,random-s40_d0.15,600,0,76,43469279,43.469279
PIBT,block_both,random-s40_d0.15,600,0,77,63540733,63.540733
PIBT,block_both,random-s40_d0.15,600,0,78,19801754,19.801754
PIBT,block_both,random-s40_d0.15,600,0,79,12519142,12.519142
PIBT,block_both,random-s40_d0.15,600,0,80,32067087,32.067087
PIBT,soft,random-s40_d0.15,100,0,17,1473491,1.473491
PIBT,soft,random-s40_d0.15,100,0,18,1459260,1.45926
PIBT,soft,random-s40_d0.15,100,0,19,1480690,1.48069
PIBT,soft,random-s40_d0.15,100,0,20,9098522,9.098522
PIBT,soft,random-s40_d0.15,100,0,21,18702294,18.702294
PIBT,soft,random-s40_d0.15,100,0,22,10839572,10.839572
PIBT,soft,random-s40_d0.15,100,0,23,1468600,1.4686
PIBT,soft,random-s40_d0.15,100,0,24,1469950,1.46995
PIBT,soft,random-s40_d0.15,100,0,25,30279746,30.279746
PIBT,soft,random-s40_d0.15,100,0,26,3513361,3.513361
PIBT,soft,random-s40_d0.15,100,0,27,7707552,7.707552
PIBT,soft,random-s40_d0.15,100,0,28,16678634,16.678634
PIBT,soft,random-s40_d0.15,100,0,29,22569165,22.569165
PIBT,soft,random-s40_d0.15,100,0,30,12957432,12.957432
PIBT,soft,random-s40_d0.15,100,0,31,1477480,1.47748
PIBT,soft,random-s40_d0.15,100,0,32,5463861,5.463861
PIBT,soft,random-s40_d0.15,100,0,33,13276683,13.276683
PIBT,soft,random-s40_d0.15,100,0,34,15146063,15.146063
PIBT,soft,random-s40_d0.15,100,0,35,18428974,18.428974
PIBT,soft,random-s40_d0.15,100,0,36,11920012,11.920012
PIBT,soft,random-s40_d0.15,100,0,37,37206448,37.206448
PIBT,soft,random-s40_d0.15,100,0,38,6920031,6.920031
PIBT,soft,random-s40_d0.15,100,0,39,13121752,13.121752
PIBT,soft,random-s40_d0.15,100,0,40,1469590,1.46959
PIBT,soft,random-s40_d0.15,100,0,41,1670860,1.67086
PIBT,soft,random-s40_d0.15,100,0,42,12289923,12.289923
PIBT,soft,random-s40_d0.15,100,0,43,11969292,11.969292
PIBT,soft,random-s40_d0.15,100,0,44,39940678,39.940678
PIBT,soft,random-s40_d0.15,100,0,45,20322514,20.322514
PIBT,soft,random-s40_d0.15,100,0,46,11629692,11.629692
PIBT,soft,random-s40_d0.15,100,0,47,4553021,4.553021
PIBT,soft,random-s40_d0.15,100,0,48,12720343,12.720343
PIBT,soft,random-s40_d0.15,100,0,49,8321342,8.321342
PIBT,soft,random-s40_d0.15,100,0,50,23266155,23.266155
PIBT,soft,random-s40_d0.15,100,0,51,2536350,2.53635
PIBT,soft,random-s40_d0.15,100,0,52,28589956,28.589956
PIBT,soft,random-s40_d0.15,100,0,53,18216264,18.216264
PIBT,soft,random-s40_d0.15,100,0,54,19040894,19.040894
PIBT,soft,random-s40_d0.15,100,0,55,24982755,24.982755
PIBT,soft,random-s40_d0.15,100,0,56,4629211,4.629211
PIBT,soft,random-s40_d0.15,100,0,57,21523985,21.523985
PIBT,soft,random-s40_d0.15,100,0,58,8943922,8.943922
PIBT,soft,random-s40_d0.15,100,0,59,1617711,1.617711
PIBT,soft,random-s40_d0.15,100,0,60,11831632,11.831632
PIBT,soft,random-s40_d0.15,100,0,61,21459094,21.459094
PIBT,soft,random-s40_d0.15,100,0,62,2625971,2.625971
PIBT,soft,random-s40_d0.15,100,0,63,1442421,1.442421
PIBT,soft,random-s40_d0.15,100,0,64,2429861,2.429861
PIBT,soft,random-s40_d0.15,100,0,65,1449491,1.449491
PIBT,soft,random-s40_d0.15,100,0,66,18237524,18.237524
PIBT,soft,random-s40_d0.15,100,0,67,27356286,27.356286
PIBT,soft,random-s40_d0.15,100,0,68,34762927,34.762927
PIBT,soft,random-s40_d0.15,100,0,69,5227381,5.227381
PIBT,soft,random-s40_d0.15,100,0,70,36724077,36.724077
PIBT,soft,random-s40_d0.15,100,0,71,13520362,13.520362
PIBT,soft,random-s40_d0.15,100,0,72,13471083,13.471083
PIBT,soft,random-s40_d0.15,100,0,73,20221684,20.221684
PIBT,soft,random-s40_d0.15,100,0,74,35663178,35.663178
PIBT,soft,random-s40_d0.15,100,0,75,10735253,10.735253
PIBT,soft,random-s40_d0.15,100,0,76,29854587,29.854587
PIBT,soft,random-s40_d0.15,100,0,77,12733722,12.733722
PIBT,soft,random-s40_d0.15,100,0,78,23574444,23.574444
PIBT,soft,random-s40_d0.15,100,0,79,42884399,42.884399
PIBT,soft,random-s40_d0.15,100,0,80,16765744,16.765744
PIBT,soft,random-s40_d0.15,300,0,17,30617816,30.617816
PIBT,soft,random-s40_d0.15,300,0,18,15030843,15.030843
PIBT,soft,random-s40_d0.15,300,0,19,15132293,15.132293
PIBT,soft,random-s40_d0.15,300,0,20,8148141,8.148141
PIBT,soft,random-s40_d0.15,300,0,21,22290065,22.290065
PIBT,soft,random-s40_d0.15,300,0,22,34190247,34.190247
PIBT,soft,random-s40_d0.15,300,0,23,15895204,15.895204
PIBT,soft,random-s40_d0.15,300,0,24,13781433,13.781433
PIBT,soft,random-s40_d0.15,300,0,25,23389335,23.389335
PIBT,soft,random-s40_d0.15,300,0,26,31516457,31.516457
PIBT,soft,random-s40_d0.15,300,0,27,19148854,19.148854
PIBT,soft,random-s40_d0.15,300,0,28,36655518,36.655518
PIBT,soft,random-s40_d0.15,300,0,29,29491776,29.491776
PIBT,soft,random-s40_d0.15,300,0,30,29315816,29.315816
PIBT,soft,random-s40_d0.15,300,0,31,29159287,29.159287
PIBT,soft,random-s40_d0.15,300,0,32,17752813,17.752813
PIBT,soft,random-s40_d0.15,300,0,33,34365897,34.365897
PIBT,soft,random-s40_d0.15,300,0,34,34307507,34.307507
PIBT,soft,random-s40_d0.15,300,0,35,77891997,77.891997
PIBT,soft,random-s40_d0.15,300,0,36,24866706,24.866706
PIBT,soft,random-s40_d0.15,300,0,37,58951342,58.951342
PIBT,soft,random-s40_d0.15,300,0,38,33615397,33.615397
PIBT,soft,random-s40_d0.15,300,0,39,46933489,46.933489
PIBT,soft,random-s40_d0.15,300,0,40,24232225,24.232225
PIBT,soft,random-s40_d0.15,300,0,41,40000129,40.000129
PIBT,soft,random-s40_d0.15,300,0,42,39781278,39.781278
PIBT,soft,random-s40_d0.15,300,0,43,22368755,22.368755
PIBT,soft,random-s40_d0.15,300,0,44,55135622,55.135622
PIBT,soft,random-s40_d0.15,300,0,45,23757825,23.757825
PIBT,soft,random-s40_d0.15,300,0,46,21593864,21.593864
PIBT,soft,random-s40_d0.15,300,0,47,16388313,16.388313
PIBT,soft,random-s40_d0.15,300,0,48,83290018,83.290018
PIBT,soft,random-s40_d0.15,300,0,49,8852612,8.852612
PIBT,soft,random-s40_d0.15,300,0,50,56430252,56.430252
PIBT,soft,random-s40_d0.15,300,0,51,27328066,27.328066
PIBT,soft,random-s40_d0.15,300,0,52,53819471,53.819471
PIBT,soft,random-s40_d0.15,300,0,53,35657157,35.657157
PIBT,soft,random-s40_d0.15,300,0,54,56060101,56.060101
PIBT,soft,random-s40_d0.15,300,0,55,34456667,34.456667
PIBT,soft,random-s40_d0.15,300,0,56,39407578,39.407578
PIBT,soft,random-s40_d0.15,300,0,57,34004227,34.004227
PIBT,soft,random-s40_d0.15,300,0,58,24137515,24.137515
PIBT,soft,random-s40_d0.15,300,0,59,44245040,44.24504
PIBT,soft,random-s40_d0.15,300,0,60,41101559,41.101559
PIBT,soft,random-s40_d0.15,300,0,61,30757346,30.757346
PIBT,soft,random-s40_d0.15,300,0,62,15724793,15.724793
PIBT,soft,random-s40_d0.15,300,0,63,29009486,29.009486
PIBT,soft,random-s40_d0.15,300,0,64,30042116,30.042116
PIBT,soft,random-s40_d0.15,300,0,65,26815415,26.815415
PIBT,soft,random-s40_d0.15,300,0,66,42826599,42.826599
PIBT,soft,random-s40_d0.15,300,0,67,42243529,42.243529
PIBT,soft,random-s40_d0.15,300,0,68,37037378,37.037378
PIBT,soft,random-s40_d0.15,300,0,69,48615560,48.61556
PIBT,soft,random-s40_d0.15,300,0,70,16366274,16.366274
PIBT,soft,random-s40_d0.15,300,0,71,66437084,66.437084
PIBT,soft,random-s40_d0.15,300,0,72,55143411,55.143411
PIBT,soft,random-s40_d0.15,300,0,73,20031074,20.031074
PIBT,soft,random-s40_d0.15,300,0,74,36731907,36.731907
PIBT,soft,random-s40_d0.15,300,0,75,44500019,44.500019
PIBT,soft,random-s40_d0.15,300,0,76,54788071,54.788071
PIBT,soft,random-s40_d0.15,300,0,77,43444159,43.444159
PIBT,soft,random-s40_d0.15,300,0,78,30973066,30.973066
PIBT,soft,random-s40_d0.15,300,0,79,17139353,17.139353
PIBT,soft,random-s40_d0.15,300,0,80,36786408,36.786408
PIBT,soft,random-s40_d0.15,600,0,17,45286619,45.286619
PIBT,soft,random-s40_d0.15,600,0,18,58724372,58.724372
PIBT,soft,random-s40_d0.15,600,0,19,27716056,27.716056
PIBT,soft,random-s40_d0.15,600,0,20,17628263,17.628263
PIBT,soft,random-s40_d0.15,600,0,21,38519928,38.519928
PIBT,soft,random-s40_d0.15,600,0,22,33386326,33.386326
PIBT,soft,random-s40_d0.15,600,0,23,21391014,21.391014
PIBT,soft,random-s40_d0.15,600,0,24,16913953,16.913953
PIBT,soft,random-s40_d0.15,600,0,25,18090153,18.090153
PIBT,soft,random-s40_d0.15,600,0,26,19265334,19.265334
PIBT,soft,random-s40_d0.15,600,0,27,16280853,16.280853
PIBT,soft,random-s40_d0.15,600,0,28,38799558,38.799558
PIBT,soft,random-s40_d0.15,600,0,29,21023924,21.023924
PIBT,soft,random-s40_d0.15,600,0,30,37935087,37.935087
PIBT,soft,random-s40_d0.15,600,0,31,29801146,29.801146
PIBT,soft,random-s40_d0.15,600,0,32,15247733,15.247733
PIBT,soft,random-s40_d0.15,600,0,33,26972766,26.972766
PIBT,soft,random-s40_d0.15,600,0,34,21402865,21.402865
PIBT,soft,random-s40_d0.15,600,0,35,46629909,46.629909
PIBT,soft,random-s40_d0.15,600,0,36,69064104,69.064104
PIBT,soft,random-s40_d0.15,600,0,37,46555430,46.55543
PIBT,soft,random-s40_d0.15,600,0,38,41265758,41.265758
PIBT,soft,random-s40_d0.15,600,0,39,72242264,72.242264
PIBT,soft,random-s40_d0.15,600,0,40,58963162,58.963162
PIBT,soft,random-s40_d0.15,600,0,41,89366128,89.366128
PIBT,soft,random-s40_d0.15,600,0,42,85375287,85.375287
PIBT,soft,random-s40_d0.15,600,0,43,88484117,88.484117
PIBT,soft,random-s40_d0.15,600,0,44,65304963,65.304963
PIBT,soft,random-s40_d0.15,600,0,45,42059578,42.059578
PIBT,soft,random-s40_d0.15,600,0,46,61510102,61.510102
PIBT,soft,random-s40_d0.15,600,0,47,43230639,43.230639
PIBT,soft,random-s40_d0.15,600,0,48,41435929,41.435929
PIBT,soft,random-s40_d0.15,600,0,49,53825071,53.825071
PIBT,soft,random-s40_d0.15,600,0,50,77054366,77.054366
PIBT,soft,random-s40_d0.15,600,0,51,81804607,81.804607
PIBT,soft,random-s40_d0.15,600,0,52,93630309,93.630309
PIBT,soft,random-s40_d0.15,600,0,53,52803380,52.80338
PIBT,soft,random-s40_d0.15,600,0,54,59739702,59.739702
PIBT,soft,random-s40_d0.15,600,0,55,24392925,24.392925
PIBT,soft,random-s40_d0.15,600,0,56,111755993,111.755993
PIBT,soft,random-s40_d0.15,600,0,57,57708362,57.708362
PIBT,soft,random-s40_d0.15,600,0,58,42373619,42.373619
PIBT,soft,random-s40_d0.15,600,0,59,110216123,110.216123
PIBT,soft,random-s40_d0.15,600,0,60,75759825,75.759825
PIBT,soft,random-s40_d0.15,600,0,61,82319547,82.319547
PIBT,soft,random-s40_d0.15,600,0,62,74140965,74.140965
PIBT,soft,random-s40_d0.15,600,0,63,102408260,102.40826
PIBT,soft,random-s40_d0.15,600,0,64,103202181,103.202181
PIBT,soft,random-s40_d0.15,600,0,65,81862866,81.862866
PIBT,soft,random-s40_d0.15,600,0,66,61454792,61.454792
PIBT,soft,random-s40_d0.15,600,0,67,74792525,74.792525
PIBT,soft,random-s40_d0.15,600,0,68,77015656,77.015656
PIBT,soft,random-s40_d0.15,600,0,69,111337103,111.337103
PIBT,soft,random-s40_d0.15,600,0,70,48830360,48.83036
PIBT,soft,random-s40_d0.15,600,0,71,96114469,96.114469
PIBT,soft,random-s40_d0.15,600,0,72,48216150,48.21615
PIBT,soft,random-s40_d0.15,600,0,73,90504148,90.504148
PIBT,soft,random-s40_d0.15,600,0,74,90240828,90.240828
PIBT,soft,random-s40_d0.15,600,0,75,61163882,61.163882
PIBT,soft,random-s40_d0.15,600,0,76,70623115,70.623115
PIBT,soft,random-s40_d0.15,600,0,77,65811983,65.811983
PIBT,soft,random-s40_d0.15,600,0,78,55905051,55.905051
PIBT,soft,random-s40_d0.15,600,0,79,58400312,58.400312
PIBT,soft,random-s40_d0.15,600,0,80,87273797,87.273797
DCC-L,block_both,random-s40_d0.15,100,0,17,43831449,43.831449
DCC-L,block_both,random-s40_d0.15,100,0,18,24872595,24.872595
DCC-L,block_both,random-s40_d0.15,100,0,19,24992725,24.992725
DCC-L,block_both,random-s40_d0.15,100,0,20,62370383,62.370383
DCC-L,block_both,random-s40_d0.15,100,0,21,24265755,24.265755
DCC-L,block_both,random-s40_d0.15,100,0,22,43664559,43.664559
DCC-L,block_both,random-s40_d0.15,100,0,23,43336149,43.336149
DCC-L,block_both,random-s40_d0.15,100,0,24,24073095,24.073095
DCC-L,block_both,random-s40_d0.15,100,0,25,62055652,62.055652
DCC-L,block_both,random-s40_d0.15,100,0,26,24128065,24.128065
DCC-L,block_both,random-s40_d0.15,100,0,27,43679859,43.679859
DCC-L,block_both,random-s40_d0.15,100,0,28,24102525,24.102525
DCC-L,block_both,random-s40_d0.15,100,0,29,43297718,43.297718
DCC-L,block_both,random-s40_d0.15,100,0,30,24629485,24.629485
DCC-L,block_both,random-s40_d0.15,100,0,31,43960719,43.960719
DCC-L,block_both,random-s40_d0.15,100,0,32,24450445,24.450445
DCC-L,block_both,random-s40_d0.15,100,0,33,24175465,24.175465
DCC-L,block_both,random-s40_d0.15,100,0,34,24560875,24.560875
DCC-L,block_both,random-s40_d0.15,100,0,35,43577179,43.577179
DCC-L,block_both,random-s40_d0.15,100,0,36,62849483,62.849483
DCC-L,block_both,random-s40_d0.15,100,0,37,81218586,81.218586
DCC-L,block_both,random-s40_d0.15,100,0,38,62547983,62.547983
DCC-L,block_both,random-s40_d0.15,100,0,39,24108315,24.108315
DCC-L,block_both,random-s40_d0.15,100,0,40,43418809,43.418809
DCC-L,block_both,random-s40_d0.15,100,0,41,43561159,43.561159
DCC-L,block_both,random-s40_d0.15,100,0,42,80682816,80.682816
DCC-L,block_both,random-s40_d0.15,100,0,43,61937243,61.937243
DCC-L,block_both,random-s40_d0.15,100,0,44,24572375,24.572375
DCC-L,block_both,random-s40_d0.15,100,0,45,62516773,62.516773
DCC-L,block_both,random-s40_d0.15,100,0,46,43156109,43.156109
DCC-L,block_both,random-s40_d0.15,100,0,47,43647139,43.647139
DCC-L,block_both,random-s40_d0.15,100,0,48,62324533,62.324533
DCC-L,block_both,random-s40_d0.15,100,0,49,43523219,43.523219
DCC-L,block_both,random-s40_d0.15,100,0,50,43194768,43.194768
DCC-L,block_both,random-s40_d0.15,100,0,51,43190479,43.190479
DCC-L,block_both,random-s40_d0.15,100,0,52,24266814,24.266814
DCC-L,block_both,random-s40_d0.15,100,0,53,43292369,43.292369
DCC-L,block_both,random-s40_d0.15,100,0,54,80704947,80.704947
DCC-L,block_both,random-s40_d0.15,100,0,55,43101579,43.101579
DCC-L,block_both,random-s40_d0.15,100,0,56,43763279,43.763279
DCC-L,block_both,random-s40_d0.15,100,0,57,81218276,81.218276
DCC-L,block_both,random-s40_d0.15,100,0,58,43698248,43.698248
DCC-L,block_both,random-s40_d0.15,100,0,59,24041155,24.041155
DCC-L,block_both,random-s40_d0.15,100,0,60,24172745,24.172745
DCC-L,block_both,random-s40_d0.15,100,0,61,43231009,43.231009
DCC-L,block_both,random-s40_d0.15,100,0,62,43692889,43.692889
DCC-L,block_both,random-s40_d0.15,100,0,63,24134205,24.134205
DCC-L,block_both,random-s40_d0.15,100,0,64,43175919,43.175919
DCC-L,block_both,random-s40_d0.15,100,0,65,24573965,24.573965
DCC-L,block_both,random-s40_d0.15,100,0,66,43341349,43.341349
DCC-L,block_both,random-s40_d0.15,100,0,67,43014238,43.014238
DCC-L,block_both,random-s40_d0.15,100,0,68,24078035,24.078035
DCC-L,block_both,random-s40_d0.15,100,0,69,24099845,24.099845
DCC-L,block_both,random-s40_d0.15,100,0,70,24056314,24.056314
DCC-L,block_both,random-s40_d0.15,100,0,71,24077505,24.077505
DCC-L,block_both,random-s40_d0.15,100,0,72,24086015,24.086015
DCC-L,block_both,random-s40_d0.15,100,0,73,43157779,43.157779
DCC-L,block_both,random-s40_d0.15,100,0,74,43325418,43.325418
DCC-L,block_both,random-s40_d0.15,100,0,75,24431595,24.431595
DCC-L,block_both,random-s40_d0.15,100,0,76,81855397,81.855397
DCC-L,block_both,random-s40_d0.15,100,0,77,24701175,24.701175
DCC-L,block_both,random-s40_d0.15,100,0,78,62177743,62.177743
DCC-L,block_both,random-s40_d0.15,100,0,79,24657255,24.657255
DCC-L,block_both,random-s40_d0.15,100,0,80,63061472,63.061472
DCC-L,block_both,random-s40_d0.15,300,0,17,81805706,81.805706
DCC-L,block_both,random-s40_d0.15,300,0,18,62037902,62.037902
DCC-L,block_both,random-s40_d0.15,300,0,19,63162393,63.162393
DCC-L,block_both,random-s40_d0.15,300,0,20,62492733,62.492733
DCC-L,block_both,random-s40_d0.15,300,0,21,62042313,62.042313
DCC-L,block_both,random-s40_d0.15,300,0,22,99962260,99.96226
DCC-L,block_both,random-s40_d0.15,300,0,23,100841831,100.841831
DCC-L,block_both,random-s40_d0.15,300,0,24,100343230,100.34323
DCC-L,block_both,random-s40_d0.15,300,0,25,100477531,100.477531
DCC-L,block_both,random-s40_d0.15,300,0,26,81694297,81.694297
DCC-L,block_both,random-s40_d0.15,300,0,27,81475716,81.475716
DCC-L,block_both,random-s40_d0.15,300,0,28,81432907,81.432907
DCC-L,block_both,random-s40_d0.15,300,0,29,81410637,81.410637
DCC-L,block_both,random-s40_d0.15,300,0,30,82264446,82.264446
DCC-L,block_both,random-s40_d0.15,300,0,31,62484552,62.484552
DCC-L,block_both,random-s40_d0.15,300,0,32,100321040,100.32104
DCC-L,block_both,random-s40_d0.15,300,0,33,100735091,100.735091
DCC-L,block_both,random-s40_d0.15,300,0,34,62151043,62.151043
DCC-L,block_both,random-s40_d0.15,300,0,35,100160690,100.16069
DCC-L,block_both,random-s40_d0.15,300,0,36,81463327,81.463327
DCC-L,block_both,random-s40_d0.15,300,0,37,121651124,121.651124
DCC-L,block_both,random-s40_d0.15,300,0,38,62286133,62.286133
DCC-L,block_both,random-s40_d0.15,300,0,39,81738707,81.738707
DCC-L,block_both,random-s40_d0.15,300,0,40,81675336,81.675336
DCC-L,block_both,random-s40_d0.15,300,0,41,100955041,100.955041
DCC-L,block_both,random-s40_d0.15,300,0,42,81332856,81.332856
DCC-L,block_both,random-s40_d0.15,300,0,43,62751282,62.751282
DCC-L,block_both,random-s40_d0.15,300,0,44,62520853,62.520853
DCC-L,block_both,random-s40_d0.15,300,0,45,119175824,119.175824
DCC-L,block_both,random-s40_d0.15,300,0,46,81573566,81.573566
DCC-L,block_both,random-s40_d0.15,300,0,47,81372357,81.372357
DCC-L,block_both,random-s40_d0.15,300,0,48,62303723,62.303723
DCC-L,block_both,random-s40_d0.15,300,0,49,62273663,62.273663
DCC-L,block_both,random-s40_d0.15,300,0,50,100787690,100.78769
DCC-L,block_both,random-s40_d0.15,300,0,51,81859657,81.859657
DCC-L,block_both,random-s40_d0.15,300,0,52,62617762,62.617762
DCC-L,block_both,random-s40_d0.15,300,0,53,100740300,100.7403
DCC-L,block_both,random-s40_d0.15,300,0,54,62262772,62.262772
DCC-L,block_both,random-s40_d0.15,300,0,55,62254002,62.254002
DCC-L,block_both,random-s40_d0.15,300,0,56,119128154,119.128154
DCC-L,block_both,random-s40_d0.15,300,0,57,81302826,81.302826
DCC-L,block_both,random-s40_d0.15,300,0,58,100447620,100.44762
DCC-L,block_both,random-s40_d0.15,300,0,59,81137737,81.137737
DCC-L,block_both,random-s40_d0.15,300,0,60,81508246,81.508246
DCC-L,block_both,random-s40_d0.15,300,0,61,81431006,81.431006
DCC-L,block_both,random-s40_d0.15,300,0,62,62265282,62.265282
DCC-L,block_both,random-s40_d0.15,300,0,63,62033413,62.033413
DCC-L,block_both,random-s40_d0.15,300,0,64,62118983,62.118983
DCC-L,block_both,random-s40_d0.15,300,0,65,81412066,81.412066
DCC-L,block_both,random-s40_d0.15,300,0,66,84556987,84.556987
DCC-L,block_both,random-s40_d0.15,300,0,67,62489142,62.489142
DCC-L,block_both,random-s40_d0.15,300,0,68,81822067,81.822067
DCC-L,block_both,random-s40_d0.15,300,0,69,62371833,62.371833
DCC-L,block_both,random-s40_d0.15,300,0,70,99876440,99.87644
DCC-L,block_both,random-s40_d0.15,300,0,71,62314142,62.314142
DCC-L,block_both,random-s40_d0.15,300,0,72,62220872,62.220872
DCC-L,block_both,random-s40_d0.15,300,0,73,81476807,81.476807
DCC-L,block_both,random-s40_d0.15,300,0,74,100202400,100.2024
DCC-L,block_both,random-s40_d0.15,300,0,75,81147906,81.147906
DCC-L,block_both,random-s40_d0.15,300,0,76,118489074,118.489074
DCC-L,block_both,random-s40_d0.15,300,0,77,62507313,62.507313
DCC-L,block_both,random-s40_d0.15,300,0,78,62173223,62.173223
DCC-L,block_both,random-s40_d0.15,300,0,79,100033150,100.03315
DCC-L,block_both,random-s40_d0.15,300,0,80,100844011,100.844011
DCC-L,block_both,random-s40_d0.15,600,0,17,177977146,177.977146
DCC-L,block_both,random-s40_d0.15,600,0,18,141571189,141.571189
DCC-L,block_both,random-s40_d0.15,600,0,19,122173485,122.173485
DCC-L,block_both,random-s40_d0.15,600,0,20,142398709,142.398709
DCC-L,block_both,random-s40_d0.15,600,0,21,122319685,122.319685
DCC-L,block_both,random-s40_d0.15,600,0,22,122780245,122.780245
DCC-L,block_both,random-s40_d0.15,600,0,23,122431425,122.431425
DCC-L,block_both,random-s40_d0.15,600,0,24,160676903,160.676903
DCC-L,block_both,random-s40_d0.15,600,0,25,121794045,121.794045
DCC-L,block_both,random-s40_d0.15,600,0,26,141814919,141.814919
DCC-L,block_both,random-s40_d0.15,600,0,27,140947529,140.947529
DCC-L,block_both,random-s40_d0.15,600,0,28,132004167,132.004167
DCC-L,block_both,random-s40_d0.15,600,0,29,122144495,122.144495
DCC-L,block_both,random-s40_d0.15,600,0,30,122906045,122.906045
DCC-L,block_both,random-s40_d0.15,600,0,31,141135739,141.135739
DCC-L,block_both,random-s40_d0.15,600,0,32,122036675,122.036675
DCC-L,block_both,random-s40_d0.15,600,0,33,141529208,141.529208
DCC-L,block_both,random-s40_d0.15,600,0,34,122356774,122.356774
DCC-L,block_both,random-s40_d0.15,600,0,35,149250710,149.25071
DCC-L,block_both,random-s40_d0.15,600,0,36,178608926,178.608926
DCC-L,block_both,random-s40_d0.15,600,0,37,121855705,121.855705
DCC-L,block_both,random-s40_d0.15,600,0,38,122526705,122.526705
DCC-L,block_both,random-s40_d0.15,600,0,39,121489614,121.489614
DCC-L,block_both,random-s40_d0.15,600,0,40,121685125,121.685125
DCC-L,block_both,random-s40_d0.15,600,0,41,177674656,177.674656
DCC-L,block_both,random-s40_d0.15,600,0,42,122450795,122.450795
DCC-L,block_both,random-s40_d0.15,600,0,43,121342705,121.342705
DCC-L,block_both,random-s40_d0.15,600,0,44,145660029,145.660029
DCC-L,block_both,random-s40_d0.15,600,0,45,139525498,139.525498
DCC-L,block_both,random-s40_d0.15,600,0,46,160371163,160.371163
DCC-L,block_both,random-s40_d0.15,600,0,47,159438953,159.438953
DCC-L,block_both,random-s40_d0.15,600,0,48,140784569,140.784569
DCC-L,block_both,random-s40_d0.15,600,0,49,122675295,122.675295
DCC-L,block_both,random-s40_d0.15,600,0,50,122504765,122.504765
DCC-L,block_both,random-s40_d0.15,600,0,51,129448206,129.448206
DCC-L,block_both,random-s40_d0.15,600,0,52,122248955,122.248955
DCC-L,block_both,random-s40_d0.15,600,0,53,122421424,122.421424
DCC-L,block_both,random-s40_d0.15,600,0,54,158803792,158.803792
DCC-L,block_both,random-s40_d0.15,600,0,55,158239672,158.239672
DCC-L,block_both,random-s40_d0.15,600,0,56,159362872,159.362872
DCC-L,block_both,random-s40_d0.15,600,0,57,121366234,121.366234
DCC-L,block_both,random-s40_d0.15,600,0,58,141063609,141.063609
DCC-L,block_both,random-s40_d0.15,600,0,59,124149325,124.149325
DCC-L,block_both,random-s40_d0.15,600,0,60,122043914,122.043914
DCC-L,block_both,random-s40_d0.15,600,0,61,125570515,125.570515
DCC-L,block_both,random-s40_d0.15,600,0,62,141739848,141.739848
DCC-L,block_both,random-s40_d0.15,600,0,63,161350083,161.350083
DCC-L,block_both,random-s40_d0.15,600,0,64,141383249,141.383249
DCC-L,block_both,random-s40_d0.15,600,0,65,126148795,126.148795
DCC-L,block_both,random-s40_d0.15,600,0,66,142173148,142.173148
DCC-L,block_both,random-s40_d0.15,600,0,67,140372298,140.372298
DCC-L,block_both,random-s40_d0.15,600,0,68,140663129,140.663129
DCC-L,block_both,random-s40_d0.15,600,0,69,121963075,121.963075
DCC-L,block_both,random-s40_d0.15,600,0,70,140747159,140.747159
DCC-L,block_both,random-s40_d0.15,600,0,71,121932824,121.932824
DCC-L,block_both,random-s40_d0.15,600,0,72,124123286,124.123286
DCC-L,block_both,random-s40_d0.15,600,0,73,160137453,160.137453
DCC-L,block_both,random-s40_d0.15,600,0,74,144181599,144.181599
DCC-L,block_both,random-s40_d0.15,600,0,75,121693275,121.693275
DCC-L,block_both,random-s40_d0.15,600,0,76,122674075,122.674075
DCC-L,block_both,random-s40_d0.15,600,0,77,159821762,159.821762
DCC-L,block_both,random-s40_d0.15,600,0,78,129087296,129.087296
DCC-L,block_both,random-s40_d0.15,600,0,79,121978855,121.978855
DCC-L,block_both,random-s40_d0.15,600,0,80,122173525,122.173525
DCC-L,soft,random-s40_d0.15,100,0,17,62022742,62.022742
DCC-L,soft,random-s40_d0.15,100,0,18,24580765,24.580765
DCC-L,soft,random-s40_d0.15,100,0,19,24492005,24.492005
DCC-L,soft,random-s40_d0.15,100,0,20,42966669,42.966669
DCC-L,soft,random-s40_d0.15,100,0,21,24838615,24.838615
DCC-L,soft,random-s40_d0.15,100,0,22,61320942,61.320942
DCC-L,soft,random-s40_d0.15,100,0,23,43175529,43.175529
DCC-L,soft,random-s40_d0.15,100,0,24,24577365,24.577365
DCC-L,soft,random-s40_d0.15,100,0,25,79882777,79.882777
DCC-L,soft,random-s40_d0.15,100,0,26,45481780,45.48178
DCC-L,soft,random-s40_d0.15,100,0,27,79769566,79.769566
DCC-L,soft,random-s40_d0.15,100,0,28,44081989,44.081989
DCC-L,soft,random-s40_d0.15,100,0,29,43009908,43.009908
DCC-L,soft,random-s40_d0.15,100,0,30,43521679,43.521679
DCC-L,soft,random-s40_d0.15,100,0,31,24485165,24.485165
DCC-L,soft,random-s40_d0.15,100,0,32,24448955,24.448955
DCC-L,soft,random-s40_d0.15,100,0,33,42951679,42.951679
DCC-L,soft,random-s40_d0.15,100,0,34,79755136,79.755136
DCC-L,soft,random-s40_d0.15,100,0,35,61273173,61.273173
DCC-L,soft,random-s40_d0.15,100,0,36,117082794,117.082794
DCC-L,soft,random-s40_d0.15,100,0,37,62193353,62.193353
DCC-L,soft,random-s40_d0.15,100,0,38,43691388,43.691388
DCC-L,soft,random-s40_d0.15,100,0,39,24309315,24.309315
DCC-L,soft,random-s40_d0.15,100,0,40,43016089,43.016089
DCC-L,soft,random-s40_d0.15,100,0,41,43109749,43.109749
DCC-L,soft,random-s40_d0.15,100,0,42,79413536,79.413536
DCC-L,soft,random-s40_d0.15,100,0,43,43111128,43.111128
DCC-L,soft,random-s40_d0.15,100,0,44,42774839,42.774839
DCC-L,soft,random-s40_d0.15,100,0,45,79215756,79.215756
DCC-L,soft,random-s40_d0.15,100,0,46,61179622,61.179622
DCC-L,soft,random-s40_d0.15,100,0,47,79621626,79.621626
DCC-L,soft,random-s40_d0.15,100,0,48,98041590,98.04159
DCC-L,soft,random-s40_d0.15,100,0,49,24036255,24.036255
DCC-L,soft,random-s40_d0.15,100,0,50,43165789,43.165789
DCC-L,soft,random-s40_d0.15,100,0,51,79330736,79.330736
DCC-L,soft,random-s40_d0.15,100,0,52,43299649,43.299649
DCC-L,soft,random-s40_d0.15,100,0,53,24349074,24.349074
DCC-L,soft,random-s40_d0.15,100,0,54,79719346,79.719346
DCC-L,soft,random-s40_d0.15,100,0,55,42860608,42.860608
DCC-L,soft,random-s40_d0.15,100,0,56,24759515,24.759515
DCC-L,soft,random-s40_d0.15,100,0,57,127831836,127.831836
DCC-L,soft,random-s40_d0.15,100,0,58,43551089,43.551089
DCC-L,soft,random-s40_d0.15,100,0,59,61172702,61.172702
DCC-L,soft,random-s40_d0.15,100,0,60,61259403,61.259403
DCC-L,soft,random-s40_d0.15,100,0,61,61171532,61.171532
DCC-L,soft,random-s40_d0.15,100,0,62,97685529,97.685529
DCC-L,soft,random-s40_d0.15,100,0,63,61074873,61.074873
DCC-L,soft,random-s40_d0.15,100,0,64,42895298,42.895298
DCC-L,soft,random-s40_d0.15,100,0,65,79780276,79.780276
DCC-L,soft,random-s40_d0.15,100,0,66,61924942,61.924942
DCC-L,soft,random-s40_d0.15,100,0,67,61518233,61.518233
DCC-L,soft,random-s40_d0.15,100,0,68,42880728,42.880728
DCC-L,soft,random-s40_d0.15,100,0,69,42760359,42.760359
DCC-L,soft,random-s40_d0.15,100,0,70,61448182,61.448182
DCC-L,soft,random-s40_d0.15,100,0,71,61541282,61.541282
DCC-L,soft,random-s40_d0.15,100,0,72,60945243,60.945243
DCC-L,soft,random-s40_d0.15,100,0,73,61039513,61.039513
DCC-L,soft,random-s40_d0.15,100,0,74,42901268,42.901268
DCC-L,soft,random-s40_d0.15,100,0,75,61087483,61.087483
DCC-L,soft,random-s40_d0.15,100,0,76,61215082,61.215082
DCC-L,soft,random-s40_d0.15,100,0,77,115663343,115.663343
DCC-L,soft,random-s40_d0.15,100,0,78,42768709,42.768709
DCC-L,soft,random-s40_d0.15,100,0,79,97579390,97.57939
DCC-L,soft,random-s40_d0.15,100,0,80,97832330,97.83233
DCC-L,soft,random-s40_d0.15,300,0,17,118379225,118.379225
DCC-L,soft,random-s40_d0.15,300,0,18,81139847,81.139847
DCC-L,soft,random-s40_d0.15,300,0,19,135423828,135.423828
DCC-L,soft,random-s40_d0.15,300,0,20,117129814,117.129814
DCC-L,soft,random-s40_d0.15,300,0,21,80523377,80.523377
DCC-L,soft,random-s40_d0.15,300,0,22,62513563,62.513563
DCC-L,soft,random-s40_d0.15,300,0,23,117529525,117.529525
DCC-L,soft,random-s40_d0.15,300,0,24,98984230,98.98423
DCC-L,soft,random-s40_d0.15,300,0,25,121223255,121.223255
DCC-L,soft,random-s40_d0.15,300,0,26,98347811,98.347811
DCC-L,soft,random-s40_d0.15,300,0,27,118029355,118.029355
DCC-L,soft,random-s40_d0.15,300,0,28,67220694,67.220694
DCC-L,soft,random-s40_d0.15,300,0,29,154800082,154.800082
DCC-L,soft,random-s40_d0.15,300,0,30,80468286,80.468286
DCC-L,soft,random-s40_d0.15,300,0,31,117645884,117.645884
DCC-L,soft,random-s40_d0.15,300,0,32,99751801,99.751801
DCC-L,soft,random-s40_d0.15,300,0,33,155779312,155.779312
DCC-L,soft,random-s40_d0.15,300,0,34,99051750,99.05175
DCC-L,soft,random-s40_d0.15,300,0,35,63205193,63.205193
DCC-L,soft,random-s40_d0.15,300,0,36,135812908,135.812908
DCC-L,soft,random-s40_d0.15,300,0,37,172863196,172.863196
DCC-L,soft,random-s40_d0.15,300,0,38,176034856,176.034856
DCC-L,soft,random-s40_d0.15,300,0,39,172989866,172.989866
DCC-L,soft,random-s40_d0.15,300,0,40,153977512,153.977512
DCC-L,soft,random-s40_d0.15,300,0,41,100106260,100.10626
DCC-L,soft,random-s40_d0.15,300,0,42,118199345,118.199345
DCC-L,soft,random-s40_d0.15,300,0,43,174330216,174.330216
DCC-L,soft,random-s40_d0.15,300,0,44,173143926,173.143926
DCC-L,soft,random-s40_d0.15,300,0,45,83594758,83.594758
DCC-L,soft,random-s40_d0.15,300,0,46,154755422,154.755422
DCC-L,soft,random-s40_d0.15,300,0,47,80786797,80.786797
DCC-L,soft,random-s40_d0.15,300,0,48,136437398,136.437398
DCC-L,soft,random-s40_d0.15,300,0,49,136263848,136.263848
DCC-L,soft,random-s40_d0.15,300,0,50,99168150,99.16815
DCC-L,soft,random-s40_d0.15,300,0,51,136091879,136.091879
DCC-L,soft,random-s40_d0.15,300,0,52,154776482,154.776482
DCC-L,soft,random-s40_d0.15,300,0,53,154686842,154.686842
DCC-L,soft,random-s40_d0.15,300,0,54,80364827,80.364827
DCC-L,soft,random-s40_d0.15,300,0,55,136170338,136.170338
DCC-L,soft,random-s40_d0.15,300,0,56,80645147,80.645147
DCC-L,soft,random-s40_d0.15,300,0,57,155500322,155.500322
DCC-L,soft,random-s40_d0.15,300,0,58,136375668,136.375668
DCC-L,soft,random-s40_d0.15,300,0,59,118578825,118.578825
DCC-L,soft,random-s40_d0.15,300,0,60,156724883,156.724883
DCC-L,soft,random-s40_d0.15,300,0,61,212324424,212.324424
DCC-L,soft,random-s40_d0.15,300,0,62,100828881,100.828881
DCC-L,soft,random-s40_d0.15,300,0,63,85024587,85.024587
DCC-L,soft,random-s40_d0.15,300,0,64,141913769,141.913769
DCC-L,soft,random-s40_d0.15,300,0,65,101493841,101.493841
DCC-L,soft,random-s40_d0.15,300,0,66,100804761,100.804761
DCC-L,soft,random-s40_d0.15,300,0,67,136887858,136.887858
DCC-L,soft,random-s40_d0.15,300,0,68,99442451,99.442451
DCC-L,soft,random-s40_d0.15,300,0,69,192370710,192.37071
DCC-L,soft,random-s40_d0.15,300,0,70,62617923,62.617923
DCC-L,soft,random-s40_d0.15,300,0,71,118353135,118.353135
DCC-L,soft,random-s40_d0.15,300,0,72,102842882,102.842882
DCC-L,soft,random-s40_d0.15,300,0,73,139963789,139.963789
DCC-L,soft,random-s40_d0.15,300,0,74,120455195,120.455195
DCC-L,soft,random-s40_d0.15,300,0,75,158515513,158.515513
DCC-L,soft,random-s40_d0.15,300,0,76,99756890,99.75689
DCC-L,soft,random-s40_d0.15,300,0,77,155828363,155.828363
DCC-L,soft,random-s40_d0.15,300,0,78,140371039,140.371039
DCC-L,soft,random-s40_d0.15,300,0,79,118954655,118.954655
DCC-L,soft,random-s40_d0.15,300,0,80,118670885,118.670885
DCC-L,soft,random-s40_d0.15,600,0,17,159033313,159.033313
DCC-L,soft,random-s40_d0.15,600,0,18,177881817,177.881817
DCC-L,soft,random-s40_d0.15,600,0,19,197561091,197.561091
DCC-L,soft,random-s40_d0.15,600,0,20,141946069,141.946069
DCC-L,soft,random-s40_d0.15,600,0,21,201638382,201.638382
DCC-L,soft,random-s40_d0.15,600,0,22,179012987,179.012987
DCC-L,soft,random-s40_d0.15,600,0,23,121947535,121.947535
DCC-L,soft,random-s40_d0.15,600,0,24,141681599,141.681599
DCC-L,soft,random-s40_d0.15,600,0,25,160297583,160.297583
DCC-L,soft,random-s40_d0.15,600,0,26,196423351,196.423351
DCC-L,soft,random-s40_d0.15,600,0,27,141742590,141.74259
DCC-L,soft,random-s40_d0.15,600,0,28,141604779,141.604779
DCC-L,soft,random-s40_d0.15,600,0,29,197055921,197.055921
DCC-L,soft,random-s40_d0.15,600,0,30,216639335,216.639335
DCC-L,soft,random-s40_d0.15,600,0,31,196355141,196.355141
DCC-L,soft,random-s40_d0.15,600,0,32,161273063,161.273063
DCC-L,soft,random-s40_d0.15,600,0,33,167215955,167.215955
DCC-L,soft,random-s40_d0.15,600,0,34,216374215,216.374215
DCC-L,soft,random-s40_d0.15,600,0,35,141178069,141.178069
DCC-L,soft,random-s40_d0.15,600,0,36,214169954,214.169954
DCC-L,soft,random-s40_d0.15,600,0,37,179416387,179.416387
DCC-L,soft,random-s40_d0.15,600,0,38,179485218,179.485218
DCC-L,soft,random-s40_d0.15,600,0,39,141572719,141.572719
DCC-L,soft,random-s40_d0.15,600,0,40,177786937,177.786937
DCC-L,soft,random-s40_d0.15,600,0,41,196697471,196.697471
DCC-L,soft,random-s40_d0.15,600,0,42,197464291,197.464291
DCC-L,soft,random-s40_d0.15,600,0,43,161528183,161.528183
DCC-L,soft,random-s40_d0.15,600,0,44,161158874,161.158874
DCC-L,soft,random-s40_d0.15,600,0,45,141105290,141.10529
DCC-L,soft,random-s40_d0.15,600,0,46,161206754,161.206754
DCC-L,soft,random-s40_d0.15,600,0,47,123874726,123.874726
DCC-L,soft,random-s40_d0.15,600,0,48,179642378,179.642378
DCC-L,soft,random-s40_d0.15,600,0,49,142024199,142.024199
DCC-L,soft,random-s40_d0.15,600,0,50,141980799,141.980799
DCC-L,soft,random-s40_d0.15,600,0,51,216293015,216.293015
DCC-L,soft,random-s40_d0.15,600,0,52,197328121,197.328121
DCC-L,soft,random-s40_d0.15,600,0,53,161050514,161.050514
DCC-L,soft,random-s40_d0.15,600,0,54,183433798,183.433798
DCC-L,soft,random-s40_d0.15,600,0,55,253851273,253.851273
DCC-L,soft,random-s40_d0.15,600,0,56,160988874,160.988874
DCC-L,soft,random-s40_d0.15,600,0,57,160490263,160.490263
DCC-L,soft,random-s40_d0.15,600,0,58,197128351,197.128351
DCC-L,soft,random-s40_d0.15,600,0,59,179416368,179.416368
DCC-L,soft,random-s40_d0.15,600,0,60,160724413,160.724413
DCC-L,soft,random-s40_d0.15,600,0,61,160530273,160.530273
DCC-L,soft,random-s40_d0.15,600,0,62,160571943,160.571943
DCC-L,soft,random-s40_d0.15,600,0,63,160198903,160.198903
DCC-L,soft,random-s40_d0.15,600,0,64,160438143,160.438143
DCC-L,soft,random-s40_d0.15,600,0,65,179365557,179.365557
DCC-L,soft,random-s40_d0.15,600,0,66,215313395,215.313395
DCC-L,soft,random-s40_d0.15,600,0,67,197722891,197.722891
DCC-L,soft,random-s40_d0.15,600,0,68,178943547,178.943547
DCC-L,soft,random-s40_d0.15,600,0,69,215678325,215.678325
DCC-L,soft,random-s40_d0.15,600,0,70,198213111,198.213111
DCC-L,soft,random-s40_d0.15,600,0,71,178833437,178.833437
DCC-L,soft,random-s40_d0.15,600,0,72,141342819,141.342819
DCC-L,soft,random-s40_d0.15,600,0,73,140713629,140.713629
DCC-L,soft,random-s40_d0.15,600,0,74,159895693,159.895693
DCC-L,soft,random-s40_d0.15,600,0,75,164723114,164.723114
DCC-L,soft,random-s40_d0.15,600,0,76,160225553,160.225553
DCC-L,soft,random-s40_d0.15,600,0,77,178047887,178.047887
DCC-L,soft,random-s40_d0.15,600,0,78,234771299,234.771299
DCC-L,soft,random-s40_d0.15,600,0,79,160594644,160.594644
DCC-L,soft,random-s40_d0.15,600,0,80,160045493,160.045493
